"Player","Gameweek 31","Gameweek 32","Gameweek 33","Gameweek 34","Gameweek 35","Gameweek 36","Gameweek 37","Gameweek 38"
"Fryers","Leicester (H)","West Ham (A)","Norwich (H)","Arsenal (A)","Everton (H)","Newcastle (A)","Stoke (H)","Southampton (A)"
"Romero","Man City (A)","Everton (H)","Spurs (A)","Aston Villa (H)","-","Leicester (H)","Norwich (A)","Bournemouth (H)"
"Senderos","Swansea (A)","Chelsea (H)","Bournemouth (H)","Man Utd (A)","Southampton (H)","Watford (A)","Newcastle (H)","Arsenal (A)"
"Baba Rahman","West Ham (H)","Aston Villa (A)","Swansea (A)","Man City (H)","Bournemouth (A)","Spurs (H)","Sunderland (A)","Leicester (H)"
"Lescott","Swansea (A)","Chelsea (H)","Bournemouth (H)","Man Utd (A)","Southampton (H)","Watford (A)","Newcastle (H)","Arsenal (A)"
"Coquelin","Everton (A)","Watford (H)","West Ham (A)","Crystal Palace (H)","Sunderland (A)","Norwich (H)","Man City (A)","Aston Villa (H)"
"Williamson","Leicester (A)","Sunderland (H)","Norwich (A)","Southampton (A)","Swansea (H)","Liverpool (A)","Crystal Palace (H)","Aston Villa (A)"
"Konchesky","Newcastle (H)","Crystal Palace (A)","Southampton (H)","Sunderland (A)","West Ham (H)","Swansea (H)","Man Utd (A)","Everton (H)"
"Sánchez","Swansea (A)","Chelsea (H)","Bournemouth (H)","Man Utd (A)","Southampton (H)","Watford (A)","Newcastle (H)","Arsenal (A)"
"Hernández","Man City (A)","Everton (H)","Spurs (A)","Aston Villa (H)","-","Leicester (H)","Norwich (A)","Bournemouth (H)"
"O'Neil","West Brom (A)","Newcastle (H)","Crystal Palace (A)","Sunderland (H)","Watford (H)","Arsenal (A)","Man Utd (H)","Everton (A)"
"Alfei","Aston Villa (H)","Stoke (A)","Chelsea (H)","Newcastle (A)","Leicester (A)","Liverpool (H)","West Ham (A)","Man City (H)"
"Crouch","Watford (A)","Swansea (H)","Liverpool (A)","Spurs (H)","Man City (A)","Sunderland (H)","Crystal Palace (A)","West Ham (H)"
"Mané","Liverpool (H)","Leicester (A)","Newcastle (H)","Everton (A)","Aston Villa (A)","Man City (H)","Spurs (A)","Crystal Palace (H)"
"Watmore","Newcastle (A)","West Brom (H)","Leicester (H)","Norwich (A)","Arsenal (H)","Stoke (A)","Chelsea (H)","Watford (A)"
"Fazio","Bournemouth (H)","Liverpool (A)","Man Utd (H)","Stoke (A)","West Brom (H)","Chelsea (A)","Southampton (H)","Newcastle (A)"
"Humphreys-Grant","Man Utd (H)","Bournemouth (A)","West Brom (H)","Chelsea (A)","Stoke (H)","Southampton (A)","Arsenal (H)","Swansea (A)"
"McClean","Norwich (H)","Sunderland (A)","Man City (A)","Watford (H)","Spurs (A)","West Ham (H)","Bournemouth (A)","Liverpool (H)"
"Guzan","Swansea (A)","Chelsea (H)","Bournemouth (H)","Man Utd (A)","Southampton (H)","Watford (A)","Newcastle (H)","Arsenal (A)"
"Yoshida","Liverpool (H)","Leicester (A)","Newcastle (H)","Everton (A)","Aston Villa (A)","Man City (H)","Spurs (A)","Crystal Palace (H)"
"Sessegnon","Norwich (H)","Sunderland (A)","Man City (A)","Watford (H)","Spurs (A)","West Ham (H)","Bournemouth (A)","Liverpool (H)"
"Cathcart","Stoke (H)","Arsenal (A)","Everton (H)","West Brom (A)","Norwich (A)","Aston Villa (H)","Liverpool (A)","Sunderland (H)"
"Van Ginkel","Watford (A)","Swansea (H)","Liverpool (A)","Spurs (H)","Man City (A)","Sunderland (H)","Crystal Palace (A)","West Ham (H)"
"Cleverley","Arsenal (H)","Man Utd (A)","Watford (A)","Southampton (H)","Crystal Palace (A)","Bournemouth (H)","Leicester (A)","Norwich (H)"
"Sidwell","Watford (A)","Swansea (H)","Liverpool (A)","Spurs (H)","Man City (A)","Sunderland (H)","Crystal Palace (A)","West Ham (H)"
"Hennessey","Leicester (H)","West Ham (A)","Norwich (H)","Arsenal (A)","Everton (H)","Newcastle (A)","Stoke (H)","Southampton (A)"
"Montero","Aston Villa (H)","Stoke (A)","Chelsea (H)","Newcastle (A)","Leicester (A)","Liverpool (H)","West Ham (A)","Man City (H)"
"Szczesny","Everton (A)","Watford (H)","West Ham (A)","Crystal Palace (H)","Sunderland (A)","Norwich (H)","Man City (A)","Aston Villa (H)"
"Poyet","Chelsea (A)","Crystal Palace (H)","Arsenal (H)","Leicester (A)","-","West Brom (A)","Swansea (H)","Stoke (A)"
"Burke","Chelsea (A)","Crystal Palace (H)","Arsenal (H)","Leicester (A)","-","West Brom (A)","Swansea (H)","Stoke (A)"
"Fuchs","Newcastle (H)","Crystal Palace (A)","Southampton (H)","Sunderland (A)","West Ham (H)","Swansea (H)","Man Utd (A)","Everton (H)"
"Benteke","Southampton (A)","Spurs (H)","Stoke (H)","Bournemouth (A)","Newcastle (H)","Swansea (A)","Watford (H)","West Brom (A)"
"Ledley","Leicester (H)","West Ham (A)","Norwich (H)","Arsenal (A)","Everton (H)","Newcastle (A)","Stoke (H)","Southampton (A)"
"Hart","Man Utd (H)","Bournemouth (A)","West Brom (H)","Chelsea (A)","Stoke (H)","Southampton (A)","Arsenal (H)","Swansea (A)"
"Galloway","Arsenal (H)","Man Utd (A)","Watford (A)","Southampton (H)","Crystal Palace (A)","Bournemouth (H)","Leicester (A)","Norwich (H)"
"Tomlin","Spurs (A)","Man City (H)","Aston Villa (A)","Liverpool (H)","Chelsea (H)","Everton (A)","West Brom (H)","Man Utd (A)"
"Carroll","Chelsea (A)","Crystal Palace (H)","Arsenal (H)","Leicester (A)","-","West Brom (A)","Swansea (H)","Stoke (A)"
"Terry","West Ham (H)","Aston Villa (A)","Swansea (A)","Man City (H)","Bournemouth (A)","Spurs (H)","Sunderland (A)","Leicester (H)"
"Diamanti","Stoke (H)","Arsenal (A)","Everton (H)","West Brom (A)","Norwich (A)","Aston Villa (H)","Liverpool (A)","Sunderland (H)"
"Clyne","Southampton (A)","Spurs (H)","Stoke (H)","Bournemouth (A)","Newcastle (H)","Swansea (A)","Watford (H)","West Brom (A)"
"Falcao","West Ham (H)","Aston Villa (A)","Swansea (A)","Man City (H)","Bournemouth (A)","Spurs (H)","Sunderland (A)","Leicester (H)"
"Whittaker","West Brom (A)","Newcastle (H)","Crystal Palace (A)","Sunderland (H)","Watford (H)","Arsenal (A)","Man Utd (H)","Everton (A)"
"Armstrong","Leicester (A)","Sunderland (H)","Norwich (A)","Southampton (A)","Swansea (H)","Liverpool (A)","Crystal Palace (H)","Aston Villa (A)"
"Fabbrini","Stoke (H)","Arsenal (A)","Everton (H)","West Brom (A)","Norwich (A)","Aston Villa (H)","Liverpool (A)","Sunderland (H)"
"Markovic","Southampton (A)","Spurs (H)","Stoke (H)","Bournemouth (A)","Newcastle (H)","Swansea (A)","Watford (H)","West Brom (A)"
"Samaras","Norwich (H)","Sunderland (A)","Man City (A)","Watford (H)","Spurs (A)","West Ham (H)","Bournemouth (A)","Liverpool (H)"
"Chamakh","Leicester (H)","West Ham (A)","Norwich (H)","Arsenal (A)","Everton (H)","Newcastle (A)","Stoke (H)","Southampton (A)"
"Yacob","Norwich (H)","Sunderland (A)","Man City (A)","Watford (H)","Spurs (A)","West Ham (H)","Bournemouth (A)","Liverpool (H)"
"Rooney","Man City (A)","Everton (H)","Spurs (A)","Aston Villa (H)","-","Leicester (H)","Norwich (A)","Bournemouth (H)"
"Welbeck","Everton (A)","Watford (H)","West Ham (A)","Crystal Palace (H)","Sunderland (A)","Norwich (H)","Man City (A)","Aston Villa (H)"
"Bacuna","Swansea (A)","Chelsea (H)","Bournemouth (H)","Man Utd (A)","Southampton (H)","Watford (A)","Newcastle (H)","Arsenal (A)"
"Chambers","Everton (A)","Watford (H)","West Ham (A)","Crystal Palace (H)","Sunderland (A)","Norwich (H)","Man City (A)","Aston Villa (H)"
"Simpson","Newcastle (H)","Crystal Palace (A)","Southampton (H)","Sunderland (A)","West Ham (H)","Swansea (H)","Man Utd (A)","Everton (H)"
"Alli","Bournemouth (H)","Liverpool (A)","Man Utd (H)","Stoke (A)","West Brom (H)","Chelsea (A)","Southampton (H)","Newcastle (A)"
"Zouma","West Ham (H)","Aston Villa (A)","Swansea (A)","Man City (H)","Bournemouth (A)","Spurs (H)","Sunderland (A)","Leicester (H)"
"Wijnaldum","Leicester (A)","Sunderland (H)","Norwich (A)","Southampton (A)","Swansea (H)","Liverpool (A)","Crystal Palace (H)","Aston Villa (A)"
"Kanté","Newcastle (H)","Crystal Palace (A)","Southampton (H)","Sunderland (A)","West Ham (H)","Swansea (H)","Man Utd (A)","Everton (H)"
"Obiang","Chelsea (A)","Crystal Palace (H)","Arsenal (H)","Leicester (A)","-","West Brom (A)","Swansea (H)","Stoke (A)"
"Ritchie","Spurs (A)","Man City (H)","Aston Villa (A)","Liverpool (H)","Chelsea (H)","Everton (A)","West Brom (H)","Man Utd (A)"
"Defoe","Newcastle (A)","West Brom (H)","Leicester (H)","Norwich (A)","Arsenal (H)","Stoke (A)","Chelsea (H)","Watford (A)"
"Gomis","Aston Villa (H)","Stoke (A)","Chelsea (H)","Newcastle (A)","Leicester (A)","Liverpool (H)","West Ham (A)","Man City (H)"
"Valencia","Chelsea (A)","Crystal Palace (H)","Arsenal (H)","Leicester (A)","-","West Brom (A)","Swansea (H)","Stoke (A)"
"Tioté","Leicester (A)","Sunderland (H)","Norwich (A)","Southampton (A)","Swansea (H)","Liverpool (A)","Crystal Palace (H)","Aston Villa (A)"
"Vydra","Stoke (H)","Arsenal (A)","Everton (H)","West Brom (A)","Norwich (A)","Aston Villa (H)","Liverpool (A)","Sunderland (H)"
"Ideye","Norwich (H)","Sunderland (A)","Man City (A)","Watford (H)","Spurs (A)","West Ham (H)","Bournemouth (A)","Liverpool (H)"
"Oviedo","Arsenal (H)","Man Utd (A)","Watford (A)","Southampton (H)","Crystal Palace (A)","Bournemouth (H)","Leicester (A)","Norwich (H)"
"Hazard","West Ham (H)","Aston Villa (A)","Swansea (A)","Man City (H)","Bournemouth (A)","Spurs (H)","Sunderland (A)","Leicester (H)"
"Vlaar","Swansea (A)","Chelsea (H)","Bournemouth (H)","Man Utd (A)","Southampton (H)","Watford (A)","Newcastle (H)","Arsenal (A)"
"Dummett","Leicester (A)","Sunderland (H)","Norwich (A)","Southampton (A)","Swansea (H)","Liverpool (A)","Crystal Palace (H)","Aston Villa (A)"
"Mayuka","Liverpool (H)","Leicester (A)","Newcastle (H)","Everton (A)","Aston Villa (A)","Man City (H)","Spurs (A)","Crystal Palace (H)"
"Trippier","Bournemouth (H)","Liverpool (A)","Man Utd (H)","Stoke (A)","West Brom (H)","Chelsea (A)","Southampton (H)","Newcastle (A)"
"Tabanou","Aston Villa (H)","Stoke (A)","Chelsea (H)","Newcastle (A)","Leicester (A)","Liverpool (H)","West Ham (A)","Man City (H)"
"Traoré","Swansea (A)","Chelsea (H)","Bournemouth (H)","Man Utd (A)","Southampton (H)","Watford (A)","Newcastle (H)","Arsenal (A)"
"Baker","Swansea (A)","Chelsea (H)","Bournemouth (H)","Man Utd (A)","Southampton (H)","Watford (A)","Newcastle (H)","Arsenal (A)"
"Browning","Arsenal (H)","Man Utd (A)","Watford (A)","Southampton (H)","Crystal Palace (A)","Bournemouth (H)","Leicester (A)","Norwich (H)"
"Ruddy","West Brom (A)","Newcastle (H)","Crystal Palace (A)","Sunderland (H)","Watford (H)","Arsenal (A)","Man Utd (H)","Everton (A)"
"Caulker","Southampton (A)","Spurs (H)","Stoke (H)","Bournemouth (A)","Newcastle (H)","Swansea (A)","Watford (H)","West Brom (A)"
"Gosling","Spurs (A)","Man City (H)","Aston Villa (A)","Liverpool (H)","Chelsea (H)","Everton (A)","West Brom (H)","Man Utd (A)"
"Shaw","Man City (A)","Everton (H)","Spurs (A)","Aston Villa (H)","-","Leicester (H)","Norwich (A)","Bournemouth (H)"
"Lloris","Bournemouth (H)","Liverpool (A)","Man Utd (H)","Stoke (A)","West Brom (H)","Chelsea (A)","Southampton (H)","Newcastle (A)"
"Kermorgant","Spurs (A)","Man City (H)","Aston Villa (A)","Liverpool (H)","Chelsea (H)","Everton (A)","West Brom (H)","Man Utd (A)"
"Naismith","West Brom (A)","Newcastle (H)","Crystal Palace (A)","Sunderland (H)","Watford (H)","Arsenal (A)","Man Utd (H)","Everton (A)"
"Borini","Newcastle (A)","West Brom (H)","Leicester (H)","Norwich (A)","Arsenal (H)","Stoke (A)","Chelsea (H)","Watford (A)"
"Adam","Watford (A)","Swansea (H)","Liverpool (A)","Spurs (H)","Man City (A)","Sunderland (H)","Crystal Palace (A)","West Ham (H)"
"Schneiderlin","Man City (A)","Everton (H)","Spurs (A)","Aston Villa (H)","-","Leicester (H)","Norwich (A)","Bournemouth (H)"
"McAleny","Arsenal (H)","Man Utd (A)","Watford (A)","Southampton (H)","Crystal Palace (A)","Bournemouth (H)","Leicester (A)","Norwich (H)"
"Ramires","West Ham (H)","Aston Villa (A)","Swansea (A)","Man City (H)","Bournemouth (A)","Spurs (H)","Sunderland (A)","Leicester (H)"
"Jedinak","Leicester (H)","West Ham (A)","Norwich (H)","Arsenal (A)","Everton (H)","Newcastle (A)","Stoke (H)","Southampton (A)"
"Tözsér","Stoke (H)","Arsenal (A)","Everton (H)","West Brom (A)","Norwich (A)","Aston Villa (H)","Liverpool (A)","Sunderland (H)"
"Tadic","Liverpool (H)","Leicester (A)","Newcastle (H)","Everton (A)","Aston Villa (A)","Man City (H)","Spurs (A)","Crystal Palace (H)"
"Cech","Everton (A)","Watford (H)","West Ham (A)","Crystal Palace (H)","Sunderland (A)","Norwich (H)","Man City (A)","Aston Villa (H)"
"Horsfield","Man Utd (H)","Bournemouth (A)","West Brom (H)","Chelsea (A)","Stoke (H)","Southampton (A)","Arsenal (H)","Swansea (A)"
"Okazaki","Newcastle (H)","Crystal Palace (A)","Southampton (H)","Sunderland (A)","West Ham (H)","Swansea (H)","Man Utd (A)","Everton (H)"
"Tuanzebe","Man City (A)","Everton (H)","Spurs (A)","Aston Villa (H)","-","Leicester (H)","Norwich (A)","Bournemouth (H)"
"Clichy","Man Utd (H)","Bournemouth (A)","West Brom (H)","Chelsea (A)","Stoke (H)","Southampton (A)","Arsenal (H)","Swansea (A)"
"Carles Gil","Swansea (A)","Chelsea (H)","Bournemouth (H)","Man Utd (A)","Southampton (H)","Watford (A)","Newcastle (H)","Arsenal (A)"
"Haugaard","Watford (A)","Swansea (H)","Liverpool (A)","Spurs (H)","Man City (A)","Sunderland (H)","Crystal Palace (A)","West Ham (H)"
"King","Newcastle (H)","Crystal Palace (A)","Southampton (H)","Sunderland (A)","West Ham (H)","Swansea (H)","Man Utd (A)","Everton (H)"
"Lawrence","Newcastle (H)","Crystal Palace (A)","Southampton (H)","Sunderland (A)","West Ham (H)","Swansea (H)","Man Utd (A)","Everton (H)"
"Lukaku","Arsenal (H)","Man Utd (A)","Watford (A)","Southampton (H)","Crystal Palace (A)","Bournemouth (H)","Leicester (A)","Norwich (H)"
"Sturridge","Southampton (A)","Spurs (H)","Stoke (H)","Bournemouth (A)","Newcastle (H)","Swansea (A)","Watford (H)","West Brom (A)"
"Naughton","Aston Villa (H)","Stoke (A)","Chelsea (H)","Newcastle (A)","Leicester (A)","Liverpool (H)","West Ham (A)","Man City (H)"
"Can","Southampton (A)","Spurs (H)","Stoke (H)","Bournemouth (A)","Newcastle (H)","Swansea (A)","Watford (H)","West Brom (A)"
"Reed","Liverpool (H)","Leicester (A)","Newcastle (H)","Everton (A)","Aston Villa (A)","Man City (H)","Spurs (A)","Crystal Palace (H)"
"Onomah","Bournemouth (H)","Liverpool (A)","Man Utd (H)","Stoke (A)","West Brom (H)","Chelsea (A)","Southampton (H)","Newcastle (A)"
"de Gea","Man City (A)","Everton (H)","Spurs (A)","Aston Villa (H)","-","Leicester (H)","Norwich (A)","Bournemouth (H)"
"Mbemba","Leicester (A)","Sunderland (H)","Norwich (A)","Southampton (A)","Swansea (H)","Liverpool (A)","Crystal Palace (H)","Aston Villa (A)"
"Richards","Swansea (A)","Chelsea (H)","Bournemouth (H)","Man Utd (A)","Southampton (H)","Watford (A)","Newcastle (H)","Arsenal (A)"
"Dann","Leicester (H)","West Ham (A)","Norwich (H)","Arsenal (A)","Everton (H)","Newcastle (A)","Stoke (H)","Southampton (A)"
"Traore","West Ham (H)","Aston Villa (A)","Swansea (A)","Man City (H)","Bournemouth (A)","Spurs (H)","Sunderland (A)","Leicester (H)"
"Jarvis","West Brom (A)","Newcastle (H)","Crystal Palace (A)","Sunderland (H)","Watford (H)","Arsenal (A)","Man Utd (H)","Everton (A)"
"Akpom","Everton (A)","Watford (H)","West Ham (A)","Crystal Palace (H)","Sunderland (A)","Norwich (H)","Man City (A)","Aston Villa (H)"
"Hammond","Newcastle (H)","Crystal Palace (A)","Southampton (H)","Sunderland (A)","West Ham (H)","Swansea (H)","Man Utd (A)","Everton (H)"
"Gamboa","Norwich (H)","Sunderland (A)","Man City (A)","Watford (H)","Spurs (A)","West Ham (H)","Bournemouth (A)","Liverpool (H)"
"Tremmel","Aston Villa (H)","Stoke (A)","Chelsea (H)","Newcastle (A)","Leicester (A)","Liverpool (H)","West Ham (A)","Man City (H)"
"Smalling","Man City (A)","Everton (H)","Spurs (A)","Aston Villa (H)","-","Leicester (H)","Norwich (A)","Bournemouth (H)"
"Roberts","Norwich (H)","Sunderland (A)","Man City (A)","Watford (H)","Spurs (A)","West Ham (H)","Bournemouth (A)","Liverpool (H)"
"Kaboul","Newcastle (A)","West Brom (H)","Leicester (H)","Norwich (A)","Arsenal (H)","Stoke (A)","Chelsea (H)","Watford (A)"
"Maddison","Newcastle (H)","Crystal Palace (A)","Southampton (H)","Sunderland (A)","West Ham (H)","Swansea (H)","Man Utd (A)","Everton (H)"
"Unavailable","Newcastle (H)","Crystal Palace (A)","Southampton (H)","Sunderland (A)","West Ham (H)","Swansea (H)","Man Utd (A)","Everton (H)"
"Denayer","Man Utd (H)","Bournemouth (A)","West Brom (H)","Chelsea (A)","Stoke (H)","Southampton (A)","Arsenal (H)","Swansea (A)"
"Davis","Liverpool (H)","Leicester (A)","Newcastle (H)","Everton (A)","Aston Villa (A)","Man City (H)","Spurs (A)","Crystal Palace (H)"
"Weir","Man City (A)","Everton (H)","Spurs (A)","Aston Villa (H)","-","Leicester (H)","Norwich (A)","Bournemouth (H)"
"Seager","Liverpool (H)","Leicester (A)","Newcastle (H)","Everton (A)","Aston Villa (A)","Man City (H)","Spurs (A)","Crystal Palace (H)"
"Zaha","Leicester (H)","West Ham (A)","Norwich (H)","Arsenal (A)","Everton (H)","Newcastle (A)","Stoke (H)","Southampton (A)"
"Walcott","Everton (A)","Watford (H)","West Ham (A)","Crystal Palace (H)","Sunderland (A)","Norwich (H)","Man City (A)","Aston Villa (H)"
"Arteta","Everton (A)","Watford (H)","West Ham (A)","Crystal Palace (H)","Sunderland (A)","Norwich (H)","Man City (A)","Aston Villa (H)"
"Howson","West Brom (A)","Newcastle (H)","Crystal Palace (A)","Sunderland (H)","Watford (H)","Arsenal (A)","Man Utd (H)","Everton (A)"
"Distin","Spurs (A)","Man City (H)","Aston Villa (A)","Liverpool (H)","Chelsea (H)","Everton (A)","West Brom (H)","Man Utd (A)"
"Chamberlain","Everton (A)","Watford (H)","West Ham (A)","Crystal Palace (H)","Sunderland (A)","Norwich (H)","Man City (A)","Aston Villa (H)"
"Capoue","Stoke (H)","Arsenal (A)","Everton (H)","West Brom (A)","Norwich (A)","Aston Villa (H)","Liverpool (A)","Sunderland (H)"
"Hoolahan","West Brom (A)","Newcastle (H)","Crystal Palace (A)","Sunderland (H)","Watford (H)","Arsenal (A)","Man Utd (H)","Everton (A)"
"Good","Leicester (A)","Sunderland (H)","Norwich (A)","Southampton (A)","Swansea (H)","Liverpool (A)","Crystal Palace (H)","Aston Villa (A)"
"Holgate","Arsenal (H)","Man Utd (A)","Watford (A)","Southampton (H)","Crystal Palace (A)","Bournemouth (H)","Leicester (A)","Norwich (H)"
"Agüero","Man Utd (H)","Bournemouth (A)","West Brom (H)","Chelsea (A)","Stoke (H)","Southampton (A)","Arsenal (H)","Swansea (A)"
"Dawson","Norwich (H)","Sunderland (A)","Man City (A)","Watford (H)","Spurs (A)","West Ham (H)","Bournemouth (A)","Liverpool (H)"
"O'Brien","Chelsea (A)","Crystal Palace (H)","Arsenal (H)","Leicester (A)","-","West Brom (A)","Swansea (H)","Stoke (A)"
"Funes Mori","Arsenal (H)","Man Utd (A)","Watford (A)","Southampton (H)","Crystal Palace (A)","Bournemouth (H)","Leicester (A)","Norwich (H)"
"Jagielka","Arsenal (H)","Man Utd (A)","Watford (A)","Southampton (H)","Crystal Palace (A)","Bournemouth (H)","Leicester (A)","Norwich (H)"
"Monreal","Everton (A)","Watford (H)","West Ham (A)","Crystal Palace (H)","Sunderland (A)","Norwich (H)","Man City (A)","Aston Villa (H)"
"Hesketh","Liverpool (H)","Leicester (A)","Newcastle (H)","Everton (A)","Aston Villa (A)","Man City (H)","Spurs (A)","Crystal Palace (H)"
"Pudil","Stoke (H)","Arsenal (A)","Everton (H)","West Brom (A)","Norwich (A)","Aston Villa (H)","Liverpool (A)","Sunderland (H)"
"Cissé","Leicester (A)","Sunderland (H)","Norwich (A)","Southampton (A)","Swansea (H)","Liverpool (A)","Crystal Palace (H)","Aston Villa (A)"
"van Persie","Man City (A)","Everton (H)","Spurs (A)","Aston Villa (H)","-","Leicester (H)","Norwich (A)","Bournemouth (H)"
"Eder","Aston Villa (H)","Stoke (A)","Chelsea (H)","Newcastle (A)","Leicester (A)","Liverpool (H)","West Ham (A)","Man City (H)"
"Obertan","Leicester (A)","Sunderland (H)","Norwich (A)","Southampton (A)","Swansea (H)","Liverpool (A)","Crystal Palace (H)","Aston Villa (A)"
"Loftus-Cheek","West Ham (H)","Aston Villa (A)","Swansea (A)","Man City (H)","Bournemouth (A)","Spurs (H)","Sunderland (A)","Leicester (H)"
"Redmond","West Brom (A)","Newcastle (H)","Crystal Palace (A)","Sunderland (H)","Watford (H)","Arsenal (A)","Man Utd (H)","Everton (A)"
"Richardson","Swansea (A)","Chelsea (H)","Bournemouth (H)","Man Utd (A)","Southampton (H)","Watford (A)","Newcastle (H)","Arsenal (A)"
"Wilshere","Everton (A)","Watford (H)","West Ham (A)","Crystal Palace (H)","Sunderland (A)","Norwich (H)","Man City (A)","Aston Villa (H)"
"Fabianski","Aston Villa (H)","Stoke (A)","Chelsea (H)","Newcastle (A)","Leicester (A)","Liverpool (H)","West Ham (A)","Man City (H)"
"Lyden","Swansea (A)","Chelsea (H)","Bournemouth (H)","Man Utd (A)","Southampton (H)","Watford (A)","Newcastle (H)","Arsenal (A)"
"Rosicky","Everton (A)","Watford (H)","West Ham (A)","Crystal Palace (H)","Sunderland (A)","Norwich (H)","Man City (A)","Aston Villa (H)"
"Angella","Stoke (H)","Arsenal (A)","Everton (H)","West Brom (A)","Norwich (A)","Aston Villa (H)","Liverpool (A)","Sunderland (H)"
"Pieters","Watford (A)","Swansea (H)","Liverpool (A)","Spurs (H)","Man City (A)","Sunderland (H)","Crystal Palace (A)","West Ham (H)"
"Moore","Newcastle (H)","Crystal Palace (A)","Southampton (H)","Sunderland (A)","West Ham (H)","Swansea (H)","Man Utd (A)","Everton (H)"
"Begovic","West Ham (H)","Aston Villa (A)","Swansea (A)","Man City (H)","Bournemouth (A)","Spurs (H)","Sunderland (A)","Leicester (H)"
"Krul","Leicester (A)","Sunderland (H)","Norwich (A)","Southampton (A)","Swansea (H)","Liverpool (A)","Crystal Palace (H)","Aston Villa (A)"
"Maffeo","Man Utd (H)","Bournemouth (A)","West Brom (H)","Chelsea (A)","Stoke (H)","Southampton (A)","Arsenal (H)","Swansea (A)"
"Cresswell","Chelsea (A)","Crystal Palace (H)","Arsenal (H)","Leicester (A)","-","West Brom (A)","Swansea (H)","Stoke (A)"
"Gnabry","Everton (A)","Watford (H)","West Ham (A)","Crystal Palace (H)","Sunderland (A)","Norwich (H)","Man City (A)","Aston Villa (H)"
"Agbonlahor","Swansea (A)","Chelsea (H)","Bournemouth (H)","Man Utd (A)","Southampton (H)","Watford (A)","Newcastle (H)","Arsenal (A)"
"Zelalem","Everton (A)","Watford (H)","West Ham (A)","Crystal Palace (H)","Sunderland (A)","Norwich (H)","Man City (A)","Aston Villa (H)"
"Jerome","West Brom (A)","Newcastle (H)","Crystal Palace (A)","Sunderland (H)","Watford (H)","Arsenal (A)","Man Utd (H)","Everton (A)"
"Mbokani","West Brom (A)","Newcastle (H)","Crystal Palace (A)","Sunderland (H)","Watford (H)","Arsenal (A)","Man Utd (H)","Everton (A)"
"Grealish","Swansea (A)","Chelsea (H)","Bournemouth (H)","Man Utd (A)","Southampton (H)","Watford (A)","Newcastle (H)","Arsenal (A)"
"Clark","Swansea (A)","Chelsea (H)","Bournemouth (H)","Man Utd (A)","Southampton (H)","Watford (A)","Newcastle (H)","Arsenal (A)"
"Kelly","Leicester (H)","West Ham (A)","Norwich (H)","Arsenal (A)","Everton (H)","Newcastle (A)","Stoke (H)","Southampton (A)"
"Tomkins","Chelsea (A)","Crystal Palace (H)","Arsenal (H)","Leicester (A)","-","West Brom (A)","Swansea (H)","Stoke (A)"
"Gardos","Liverpool (H)","Leicester (A)","Newcastle (H)","Everton (A)","Aston Villa (A)","Man City (H)","Spurs (A)","Crystal Palace (H)"
"Sinclair","Southampton (A)","Spurs (H)","Stoke (H)","Bournemouth (A)","Newcastle (H)","Swansea (A)","Watford (H)","West Brom (A)"
"Nordfeldt","Aston Villa (H)","Stoke (A)","Chelsea (H)","Newcastle (A)","Leicester (A)","Liverpool (H)","West Ham (A)","Man City (H)"
"MacDonald","Spurs (A)","Man City (H)","Aston Villa (A)","Liverpool (H)","Chelsea (H)","Everton (A)","West Brom (H)","Man Utd (A)"
"de Jong","Leicester (A)","Sunderland (H)","Norwich (A)","Southampton (A)","Swansea (H)","Liverpool (A)","Crystal Palace (H)","Aston Villa (A)"
"Lindegaard","Norwich (H)","Sunderland (A)","Man City (A)","Watford (H)","Spurs (A)","West Ham (H)","Bournemouth (A)","Liverpool (H)"
"Cazorla","Everton (A)","Watford (H)","West Ham (A)","Crystal Palace (H)","Sunderland (A)","Norwich (H)","Man City (A)","Aston Villa (H)"
"Stekelenburg","Liverpool (H)","Leicester (A)","Newcastle (H)","Everton (A)","Aston Villa (A)","Man City (H)","Spurs (A)","Crystal Palace (H)"
"Pienaar","Arsenal (H)","Man Utd (A)","Watford (A)","Southampton (H)","Crystal Palace (A)","Bournemouth (H)","Leicester (A)","Norwich (H)"
"Fulton","Southampton (A)","Spurs (H)","Stoke (H)","Bournemouth (A)","Newcastle (H)","Swansea (A)","Watford (H)","West Brom (A)"
"Bellerín","Everton (A)","Watford (H)","West Ham (A)","Crystal Palace (H)","Sunderland (A)","Norwich (H)","Man City (A)","Aston Villa (H)"
"Britos","Stoke (H)","Arsenal (A)","Everton (H)","West Brom (A)","Norwich (A)","Aston Villa (H)","Liverpool (A)","Sunderland (H)"
"Lens","Newcastle (A)","West Brom (H)","Leicester (H)","Norwich (A)","Arsenal (H)","Stoke (A)","Chelsea (H)","Watford (A)"
"Delaney","Leicester (H)","West Ham (A)","Norwich (H)","Arsenal (A)","Everton (H)","Newcastle (A)","Stoke (H)","Southampton (A)"
"Balotelli","Southampton (A)","Spurs (H)","Stoke (H)","Bournemouth (A)","Newcastle (H)","Swansea (A)","Watford (H)","West Brom (A)"
"Manu García","Man Utd (H)","Bournemouth (A)","West Brom (H)","Chelsea (A)","Stoke (H)","Southampton (A)","Arsenal (H)","Swansea (A)"
"Ramírez","Liverpool (H)","Leicester (A)","Newcastle (H)","Everton (A)","Aston Villa (A)","Man City (H)","Spurs (A)","Crystal Palace (H)"
"Ulloa","Newcastle (H)","Crystal Palace (A)","Southampton (H)","Sunderland (A)","West Ham (H)","Swansea (H)","Man Utd (A)","Everton (H)"
"Lamela","Bournemouth (H)","Liverpool (A)","Man Utd (H)","Stoke (A)","West Brom (H)","Chelsea (A)","Southampton (H)","Newcastle (A)"
"Townsend","Leicester (A)","Sunderland (H)","Norwich (A)","Southampton (A)","Swansea (H)","Liverpool (A)","Crystal Palace (H)","Aston Villa (A)"
"Filipe Luis","West Ham (H)","Aston Villa (A)","Swansea (A)","Man City (H)","Bournemouth (A)","Spurs (H)","Sunderland (A)","Leicester (H)"
"Costa","West Ham (H)","Aston Villa (A)","Swansea (A)","Man City (H)","Bournemouth (A)","Spurs (H)","Sunderland (A)","Leicester (H)"
"Schweinsteiger","Man City (A)","Everton (H)","Spurs (A)","Aston Villa (H)","-","Leicester (H)","Norwich (A)","Bournemouth (H)"
"Janmaat","Leicester (A)","Sunderland (H)","Norwich (A)","Southampton (A)","Swansea (H)","Liverpool (A)","Crystal Palace (H)","Aston Villa (A)"
"Rojo","Man City (A)","Everton (H)","Spurs (A)","Aston Villa (H)","-","Leicester (H)","Norwich (A)","Bournemouth (H)"
"Ospina","Everton (A)","Watford (H)","West Ham (A)","Crystal Palace (H)","Sunderland (A)","Norwich (H)","Man City (A)","Aston Villa (H)"
"Ilori","Southampton (A)","Spurs (H)","Stoke (H)","Bournemouth (A)","Newcastle (H)","Swansea (A)","Watford (H)","West Brom (A)"
"Otamendi","Man Utd (H)","Bournemouth (A)","West Brom (H)","Chelsea (A)","Stoke (H)","Southampton (A)","Arsenal (H)","Swansea (A)"
"Teixeira","Southampton (A)","Spurs (H)","Stoke (H)","Bournemouth (A)","Newcastle (H)","Swansea (A)","Watford (H)","West Brom (A)"
"Brunt","Norwich (H)","Sunderland (A)","Man City (A)","Watford (H)","Spurs (A)","West Ham (H)","Bournemouth (A)","Liverpool (H)"
"Kozák","Swansea (A)","Chelsea (H)","Bournemouth (H)","Man Utd (A)","Southampton (H)","Watford (A)","Newcastle (H)","Arsenal (A)"
"Rafael","Man City (A)","Everton (H)","Spurs (A)","Aston Villa (H)","-","Leicester (H)","Norwich (A)","Bournemouth (H)"
"Schlupp","Newcastle (H)","Crystal Palace (A)","Southampton (H)","Sunderland (A)","West Ham (H)","Swansea (H)","Man Utd (A)","Everton (H)"
"Nathan","West Ham (H)","Aston Villa (A)","Swansea (A)","Man City (H)","Bournemouth (A)","Spurs (H)","Sunderland (A)","Leicester (H)"
"Christensen","West Ham (H)","Aston Villa (A)","Swansea (A)","Man City (H)","Bournemouth (A)","Spurs (H)","Sunderland (A)","Leicester (H)"
"Martial","Man City (A)","Everton (H)","Spurs (A)","Aston Villa (H)","-","Leicester (H)","Norwich (A)","Bournemouth (H)"
"Pantilimon","Stoke (H)","Arsenal (A)","Everton (H)","West Brom (A)","Norwich (A)","Aston Villa (H)","Liverpool (A)","Sunderland (H)"
"Davis K","Liverpool (H)","Leicester (A)","Newcastle (H)","Everton (A)","Aston Villa (A)","Man City (H)","Spurs (A)","Crystal Palace (H)"
"Gómez","Newcastle (A)","West Brom (H)","Leicester (H)","Norwich (A)","Arsenal (H)","Stoke (A)","Chelsea (H)","Watford (A)"
"Brady","West Brom (A)","Newcastle (H)","Crystal Palace (A)","Sunderland (H)","Watford (H)","Arsenal (A)","Man Utd (H)","Everton (A)"
"Lennon","Arsenal (H)","Man Utd (A)","Watford (A)","Southampton (H)","Crystal Palace (A)","Bournemouth (H)","Leicester (A)","Norwich (H)"
"Sissoko","Leicester (A)","Sunderland (H)","Norwich (A)","Southampton (A)","Swansea (H)","Liverpool (A)","Crystal Palace (H)","Aston Villa (A)"
"Wilson","Watford (A)","Swansea (H)","Liverpool (A)","Spurs (H)","Man City (A)","Sunderland (H)","Crystal Palace (A)","West Ham (H)"
"Amat","Aston Villa (H)","Stoke (A)","Chelsea (H)","Newcastle (A)","Leicester (A)","Liverpool (H)","West Ham (A)","Man City (H)"
"Chadli","Bournemouth (H)","Liverpool (A)","Man Utd (H)","Stoke (A)","West Brom (H)","Chelsea (A)","Southampton (H)","Newcastle (A)"
"Wanyama","Liverpool (H)","Leicester (A)","Newcastle (H)","Everton (A)","Aston Villa (A)","Man City (H)","Spurs (A)","Crystal Palace (H)"
"Cullen","Chelsea (A)","Crystal Palace (H)","Arsenal (H)","Leicester (A)","-","West Brom (A)","Swansea (H)","Stoke (A)"
"Britton","Aston Villa (H)","Stoke (A)","Chelsea (H)","Newcastle (A)","Leicester (A)","Liverpool (H)","West Ham (A)","Man City (H)"
"Blind","Man City (A)","Everton (H)","Spurs (A)","Aston Villa (H)","-","Leicester (H)","Norwich (A)","Bournemouth (H)"
"Stambouli","Bournemouth (H)","Liverpool (A)","Man Utd (H)","Stoke (A)","West Brom (H)","Chelsea (A)","Southampton (H)","Newcastle (A)"
"Isgrove","Liverpool (H)","Leicester (A)","Newcastle (H)","Everton (A)","Aston Villa (A)","Man City (H)","Spurs (A)","Crystal Palace (H)"
"Dembélé","Bournemouth (H)","Liverpool (A)","Man Utd (H)","Stoke (A)","West Brom (H)","Chelsea (A)","Southampton (H)","Newcastle (A)"
"Ward-Prowse","Liverpool (H)","Leicester (A)","Newcastle (H)","Everton (A)","Aston Villa (A)","Man City (H)","Spurs (A)","Crystal Palace (H)"
"Chilwell","Newcastle (H)","Crystal Palace (A)","Southampton (H)","Sunderland (A)","West Ham (H)","Swansea (H)","Man Utd (A)","Everton (H)"
"Westwood","Swansea (A)","Chelsea (H)","Bournemouth (H)","Man Utd (A)","Southampton (H)","Watford (A)","Newcastle (H)","Arsenal (A)"
"Nyom","Stoke (H)","Arsenal (A)","Everton (H)","West Brom (A)","Norwich (A)","Aston Villa (H)","Liverpool (A)","Sunderland (H)"
"Schwarzer","Newcastle (H)","Crystal Palace (A)","Southampton (H)","Sunderland (A)","West Ham (H)","Swansea (H)","Man Utd (A)","Everton (H)"
"Bolasie","Leicester (H)","West Ham (A)","Norwich (H)","Arsenal (A)","Everton (H)","Newcastle (A)","Stoke (H)","Southampton (A)"
"Payet","Chelsea (A)","Crystal Palace (H)","Arsenal (H)","Leicester (A)","-","West Brom (A)","Swansea (H)","Stoke (A)"
"Huth","Newcastle (H)","Crystal Palace (A)","Southampton (H)","Sunderland (A)","West Ham (H)","Swansea (H)","Man Utd (A)","Everton (H)"
"Ameobi","Leicester (A)","Sunderland (H)","Norwich (A)","Southampton (A)","Swansea (H)","Liverpool (A)","Crystal Palace (H)","Aston Villa (A)"
"Wisdom","West Brom (A)","Newcastle (H)","Crystal Palace (A)","Sunderland (H)","Watford (H)","Arsenal (A)","Man Utd (H)","Everton (A)"
"Given","Watford (A)","Swansea (H)","Liverpool (A)","Spurs (H)","Man City (A)","Sunderland (H)","Crystal Palace (A)","West Ham (H)"
"Stones","Arsenal (H)","Man Utd (A)","Watford (A)","Southampton (H)","Crystal Palace (A)","Bournemouth (H)","Leicester (A)","Norwich (H)"
"Wimmer","Bournemouth (H)","Liverpool (A)","Man Utd (H)","Stoke (A)","West Brom (H)","Chelsea (A)","Southampton (H)","Newcastle (A)"
"Amelia","West Ham (H)","Aston Villa (A)","Swansea (A)","Man City (H)","Bournemouth (A)","Spurs (H)","Sunderland (A)","Leicester (H)"
"Croll","Leicester (H)","West Ham (A)","Norwich (H)","Arsenal (A)","Everton (H)","Newcastle (A)","Stoke (H)","Southampton (A)"
"Blackman","West Ham (H)","Aston Villa (A)","Swansea (A)","Man City (H)","Bournemouth (A)","Spurs (H)","Sunderland (A)","Leicester (H)"
"Henry","Chelsea (A)","Crystal Palace (H)","Arsenal (H)","Leicester (A)","-","West Brom (A)","Swansea (H)","Stoke (A)"
"Skrtel","Southampton (A)","Spurs (H)","Stoke (H)","Bournemouth (A)","Newcastle (H)","Swansea (A)","Watford (H)","West Brom (A)"
"Souaré","Leicester (H)","West Ham (A)","Norwich (H)","Arsenal (A)","Everton (H)","Newcastle (A)","Stoke (H)","Southampton (A)"
"Afellay","Watford (A)","Swansea (H)","Liverpool (A)","Spurs (H)","Man City (A)","Sunderland (H)","Crystal Palace (A)","West Ham (H)"
"Boruc","Spurs (A)","Man City (H)","Aston Villa (A)","Liverpool (H)","Chelsea (H)","Everton (A)","West Brom (H)","Man Utd (A)"
"Bridcutt","Newcastle (A)","West Brom (H)","Leicester (H)","Norwich (A)","Arsenal (H)","Stoke (A)","Chelsea (H)","Watford (A)"
"Wasilewski","Newcastle (H)","Crystal Palace (A)","Southampton (H)","Sunderland (A)","West Ham (H)","Swansea (H)","Man Utd (A)","Everton (H)"
"Fellaini","Man City (A)","Everton (H)","Spurs (A)","Aston Villa (H)","-","Leicester (H)","Norwich (A)","Bournemouth (H)"
"Martin","West Brom (A)","Newcastle (H)","Crystal Palace (A)","Sunderland (H)","Watford (H)","Arsenal (A)","Man Utd (H)","Everton (A)"
"Rantie","Spurs (A)","Man City (H)","Aston Villa (A)","Liverpool (H)","Chelsea (H)","Everton (A)","West Brom (H)","Man Utd (A)"
"Roberge","Newcastle (A)","West Brom (H)","Leicester (H)","Norwich (A)","Arsenal (H)","Stoke (A)","Chelsea (H)","Watford (A)"
"Rangel","Aston Villa (H)","Stoke (A)","Chelsea (H)","Newcastle (A)","Leicester (A)","Liverpool (H)","West Ham (A)","Man City (H)"
"Arter","Spurs (A)","Man City (H)","Aston Villa (A)","Liverpool (H)","Chelsea (H)","Everton (A)","West Brom (H)","Man Utd (A)"
"Rashford","Man City (A)","Everton (H)","Spurs (A)","Aston Villa (H)","-","Leicester (H)","Norwich (A)","Bournemouth (H)"
"Abeid","Leicester (A)","Sunderland (H)","Norwich (A)","Southampton (A)","Swansea (H)","Liverpool (A)","Crystal Palace (H)","Aston Villa (A)"
"Bassong","West Brom (A)","Newcastle (H)","Crystal Palace (A)","Sunderland (H)","Watford (H)","Arsenal (A)","Man Utd (H)","Everton (A)"
"Silva","Man Utd (H)","Bournemouth (A)","West Brom (H)","Chelsea (A)","Stoke (H)","Southampton (A)","Arsenal (H)","Swansea (A)"
"Ward","Leicester (H)","West Ham (A)","Norwich (H)","Arsenal (A)","Everton (H)","Newcastle (A)","Stoke (H)","Southampton (A)"
"Goss","Man City (A)","Everton (H)","Spurs (A)","Aston Villa (H)","-","Leicester (H)","Norwich (A)","Bournemouth (H)"
"Mutch","Leicester (H)","West Ham (A)","Norwich (H)","Arsenal (A)","Everton (H)","Newcastle (A)","Stoke (H)","Southampton (A)"
"Okore","Swansea (A)","Chelsea (H)","Bournemouth (H)","Man Utd (A)","Southampton (H)","Watford (A)","Newcastle (H)","Arsenal (A)"
"Arlauskis","Stoke (H)","Arsenal (A)","Everton (H)","West Brom (A)","Norwich (A)","Aston Villa (H)","Liverpool (A)","Sunderland (H)"
"Foster","Norwich (H)","Sunderland (A)","Man City (A)","Watford (H)","Spurs (A)","West Ham (H)","Bournemouth (A)","Liverpool (H)"
"Bogdan","Southampton (A)","Spurs (H)","Stoke (H)","Bournemouth (A)","Newcastle (H)","Swansea (A)","Watford (H)","West Brom (A)"
"Kenedy","West Ham (H)","Aston Villa (A)","Swansea (A)","Man City (H)","Bournemouth (A)","Spurs (H)","Sunderland (A)","Leicester (H)"
"McAuley","Norwich (H)","Sunderland (A)","Man City (A)","Watford (H)","Spurs (A)","West Ham (H)","Bournemouth (A)","Liverpool (H)"
"van Aanholt","Newcastle (A)","West Brom (H)","Leicester (H)","Norwich (A)","Arsenal (H)","Stoke (A)","Chelsea (H)","Watford (A)"
"Debuchy","Everton (A)","Watford (H)","West Ham (A)","Crystal Palace (H)","Sunderland (A)","Norwich (H)","Man City (A)","Aston Villa (H)"
"Antonio","Chelsea (A)","Crystal Palace (H)","Arsenal (H)","Leicester (A)","-","West Brom (A)","Swansea (H)","Stoke (A)"
"Koné","Arsenal (H)","Man Utd (A)","Watford (A)","Southampton (H)","Crystal Palace (A)","Bournemouth (H)","Leicester (A)","Norwich (H)"
"Paredes","Stoke (H)","Arsenal (A)","Everton (H)","West Brom (A)","Norwich (A)","Aston Villa (H)","Liverpool (A)","Sunderland (H)"
"Cook","Spurs (A)","Man City (H)","Aston Villa (A)","Liverpool (H)","Chelsea (H)","Everton (A)","West Brom (H)","Man Utd (A)"
"van Wolfswinkel","West Brom (A)","Newcastle (H)","Crystal Palace (A)","Sunderland (H)","Watford (H)","Arsenal (A)","Man Utd (H)","Everton (A)"
"Albrighton","Newcastle (H)","Crystal Palace (A)","Southampton (H)","Sunderland (A)","West Ham (H)","Swansea (H)","Man Utd (A)","Everton (H)"
"Iheanacho","Man Utd (H)","Bournemouth (A)","West Brom (H)","Chelsea (A)","Stoke (H)","Southampton (A)","Arsenal (H)","Swansea (A)"
"Gueye","Swansea (A)","Chelsea (H)","Bournemouth (H)","Man Utd (A)","Southampton (H)","Watford (A)","Newcastle (H)","Arsenal (A)"
"Odemwingie","Watford (A)","Swansea (H)","Liverpool (A)","Spurs (H)","Man City (A)","Sunderland (H)","Crystal Palace (A)","West Ham (H)"
"M'Vila","Newcastle (A)","West Brom (H)","Leicester (H)","Norwich (A)","Arsenal (H)","Stoke (A)","Chelsea (H)","Watford (A)"
"Arnautovic","Watford (A)","Swansea (H)","Liverpool (A)","Spurs (H)","Man City (A)","Sunderland (H)","Crystal Palace (A)","West Ham (H)"
"Gazzaniga","Liverpool (H)","Leicester (A)","Newcastle (H)","Everton (A)","Aston Villa (A)","Man City (H)","Spurs (A)","Crystal Palace (H)"
"Olsson","Norwich (H)","Sunderland (A)","Man City (A)","Watford (H)","Spurs (A)","West Ham (H)","Bournemouth (A)","Liverpool (H)"
"Bigirimana","Leicester (A)","Sunderland (H)","Norwich (A)","Southampton (A)","Swansea (H)","Liverpool (A)","Crystal Palace (H)","Aston Villa (A)"
"Sigurdsson","Aston Villa (H)","Stoke (A)","Chelsea (H)","Newcastle (A)","Leicester (A)","Liverpool (H)","West Ham (A)","Man City (H)"
"Aké","Stoke (H)","Arsenal (A)","Everton (H)","West Brom (A)","Norwich (A)","Aston Villa (H)","Liverpool (A)","Sunderland (H)"
"Courtois","West Ham (H)","Aston Villa (A)","Swansea (A)","Man City (H)","Bournemouth (A)","Spurs (H)","Sunderland (A)","Leicester (H)"
"Grabban","Spurs (A)","Man City (H)","Aston Villa (A)","Liverpool (H)","Chelsea (H)","Everton (A)","West Brom (H)","Man Utd (A)"
"Toney","Leicester (A)","Sunderland (H)","Norwich (A)","Southampton (A)","Swansea (H)","Liverpool (A)","Crystal Palace (H)","Aston Villa (A)"
"Allen","Southampton (A)","Spurs (H)","Stoke (H)","Bournemouth (A)","Newcastle (H)","Swansea (A)","Watford (H)","West Brom (A)"
"Nasri","Man Utd (H)","Bournemouth (A)","West Brom (H)","Chelsea (A)","Stoke (H)","Southampton (A)","Arsenal (H)","Swansea (A)"
"Downing","Chelsea (A)","Crystal Palace (H)","Arsenal (H)","Leicester (A)","-","West Brom (A)","Swansea (H)","Stoke (A)"
"Januzaj","Man City (A)","Everton (H)","Spurs (A)","Aston Villa (H)","-","Leicester (H)","Norwich (A)","Bournemouth (H)"
"N'Zogbia","Swansea (A)","Chelsea (H)","Bournemouth (H)","Man Utd (A)","Southampton (H)","Watford (A)","Newcastle (H)","Arsenal (A)"
"Touré","Southampton (A)","Spurs (H)","Stoke (H)","Bournemouth (A)","Newcastle (H)","Swansea (A)","Watford (H)","West Brom (A)"
"Gabriel","Everton (A)","Watford (H)","West Ham (A)","Crystal Palace (H)","Sunderland (A)","Norwich (H)","Man City (A)","Aston Villa (H)"
"Forestieri","Stoke (H)","Arsenal (A)","Everton (H)","West Brom (A)","Norwich (A)","Aston Villa (H)","Liverpool (A)","Sunderland (H)"
"Mignolet","Southampton (A)","Spurs (H)","Stoke (H)","Bournemouth (A)","Newcastle (H)","Swansea (A)","Watford (H)","West Brom (A)"
"Garbutt","Arsenal (H)","Man Utd (A)","Watford (A)","Southampton (H)","Crystal Palace (A)","Bournemouth (H)","Leicester (A)","Norwich (H)"
"Smith","Southampton (A)","Spurs (H)","Stoke (H)","Bournemouth (A)","Newcastle (H)","Swansea (A)","Watford (H)","West Brom (A)"
"Long","Liverpool (H)","Leicester (A)","Newcastle (H)","Everton (A)","Aston Villa (A)","Man City (H)","Spurs (A)","Crystal Palace (H)"
"Gibson","Arsenal (H)","Man Utd (A)","Watford (A)","Southampton (H)","Crystal Palace (A)","Bournemouth (H)","Leicester (A)","Norwich (H)"
"Oscar","West Ham (H)","Aston Villa (A)","Swansea (A)","Man City (H)","Bournemouth (A)","Spurs (H)","Sunderland (A)","Leicester (H)"
"Mulumbu","West Brom (A)","Newcastle (H)","Crystal Palace (A)","Sunderland (H)","Watford (H)","Arsenal (A)","Man Utd (H)","Everton (A)"
"Elliot","Leicester (A)","Sunderland (H)","Norwich (A)","Southampton (A)","Swansea (H)","Liverpool (A)","Crystal Palace (H)","Aston Villa (A)"
"Barkley","Arsenal (H)","Man Utd (A)","Watford (A)","Southampton (H)","Crystal Palace (A)","Bournemouth (H)","Leicester (A)","Norwich (H)"
"Diouf","Watford (A)","Swansea (H)","Liverpool (A)","Spurs (H)","Man City (A)","Sunderland (H)","Crystal Palace (A)","West Ham (H)"
"Deeney","Stoke (H)","Arsenal (A)","Everton (H)","West Brom (A)","Norwich (A)","Aston Villa (H)","Liverpool (A)","Sunderland (H)"
"Benalouane","Newcastle (H)","Crystal Palace (A)","Southampton (H)","Sunderland (A)","West Ham (H)","Swansea (H)","Man Utd (A)","Everton (H)"
"N'Zonzi","Watford (A)","Swansea (H)","Liverpool (A)","Spurs (H)","Man City (A)","Sunderland (H)","Crystal Palace (A)","West Ham (H)"
"Walker","Bournemouth (H)","Liverpool (A)","Man Utd (H)","Stoke (A)","West Brom (H)","Chelsea (A)","Southampton (H)","Newcastle (A)"
"Sakho","Chelsea (A)","Crystal Palace (H)","Arsenal (H)","Leicester (A)","-","West Brom (A)","Swansea (H)","Stoke (A)"
"Brannagan","Southampton (A)","Spurs (H)","Stoke (H)","Bournemouth (A)","Newcastle (H)","Swansea (A)","Watford (H)","West Brom (A)"
"Valdés","Man City (A)","Everton (H)","Spurs (A)","Aston Villa (H)","-","Leicester (H)","Norwich (A)","Bournemouth (H)"
"Bertrand","Liverpool (H)","Leicester (A)","Newcastle (H)","Everton (A)","Aston Villa (A)","Man City (H)","Spurs (A)","Crystal Palace (H)"
"Darlow","Leicester (A)","Sunderland (H)","Norwich (A)","Southampton (A)","Swansea (H)","Liverpool (A)","Crystal Palace (H)","Aston Villa (A)"
"Deulofeu","Arsenal (H)","Man Utd (A)","Watford (A)","Southampton (H)","Crystal Palace (A)","Bournemouth (H)","Leicester (A)","Norwich (H)"
"Mertesacker","Everton (A)","Watford (H)","West Ham (A)","Crystal Palace (H)","Sunderland (A)","Norwich (H)","Man City (A)","Aston Villa (H)"
"Fonte","Liverpool (H)","Leicester (A)","Newcastle (H)","Everton (A)","Aston Villa (A)","Man City (H)","Spurs (A)","Crystal Palace (H)"
"Koscielny","Everton (A)","Watford (H)","West Ham (A)","Crystal Palace (H)","Sunderland (A)","Norwich (H)","Man City (A)","Aston Villa (H)"
"Kompany","Man Utd (H)","Bournemouth (A)","West Brom (H)","Chelsea (A)","Stoke (H)","Southampton (A)","Arsenal (H)","Swansea (A)"
"de Laet","Newcastle (H)","Crystal Palace (A)","Southampton (H)","Sunderland (A)","West Ham (H)","Swansea (H)","Man Utd (A)","Everton (H)"
"Guédioura","Stoke (H)","Arsenal (A)","Everton (H)","West Brom (A)","Norwich (A)","Aston Villa (H)","Liverpool (A)","Sunderland (H)"
"Gray","Newcastle (H)","Crystal Palace (A)","Southampton (H)","Sunderland (A)","West Ham (H)","Swansea (H)","Man Utd (A)","Everton (H)"
"Dier","Bournemouth (H)","Liverpool (A)","Man Utd (H)","Stoke (A)","West Brom (H)","Chelsea (A)","Southampton (H)","Newcastle (A)"
"Alderweireld","Bournemouth (H)","Liverpool (A)","Man Utd (H)","Stoke (A)","West Brom (H)","Chelsea (A)","Southampton (H)","Newcastle (A)"
"Eriksen","Bournemouth (H)","Liverpool (A)","Man Utd (H)","Stoke (A)","West Brom (H)","Chelsea (A)","Southampton (H)","Newcastle (A)"
"McArthur","Leicester (H)","West Ham (A)","Norwich (H)","Arsenal (A)","Everton (H)","Newcastle (A)","Stoke (H)","Southampton (A)"
"Steven Taylor","Leicester (A)","Sunderland (H)","Norwich (A)","Southampton (A)","Swansea (H)","Liverpool (A)","Crystal Palace (H)","Aston Villa (A)"
"Moses","Chelsea (A)","Crystal Palace (H)","Arsenal (H)","Leicester (A)","-","West Brom (A)","Swansea (H)","Stoke (A)"
"Mariappa","Leicester (H)","West Ham (A)","Norwich (H)","Arsenal (A)","Everton (H)","Newcastle (A)","Stoke (H)","Southampton (A)"
"Routledge","Aston Villa (H)","Stoke (A)","Chelsea (H)","Newcastle (A)","Leicester (A)","Liverpool (H)","West Ham (A)","Man City (H)"
"McCarthy","Leicester (H)","West Ham (A)","Norwich (H)","Arsenal (A)","Everton (H)","Newcastle (A)","Stoke (H)","Southampton (A)"
"Coates","Newcastle (A)","West Brom (H)","Leicester (H)","Norwich (A)","Arsenal (H)","Stoke (A)","Chelsea (H)","Watford (A)"
"Vertonghen","Bournemouth (H)","Liverpool (A)","Man Utd (H)","Stoke (A)","West Brom (H)","Chelsea (A)","Southampton (H)","Newcastle (A)"
"Elia","Liverpool (H)","Leicester (A)","Newcastle (H)","Everton (A)","Aston Villa (A)","Man City (H)","Spurs (A)","Crystal Palace (H)"
"Murray","Stoke (H)","Arsenal (A)","Everton (H)","West Brom (A)","Norwich (A)","Aston Villa (H)","Liverpool (A)","Sunderland (H)"
"Hutton","Swansea (A)","Chelsea (H)","Bournemouth (H)","Man Utd (A)","Southampton (H)","Watford (A)","Newcastle (H)","Arsenal (A)"
"Iturbe","Spurs (A)","Man City (H)","Aston Villa (A)","Liverpool (H)","Chelsea (H)","Everton (A)","West Brom (H)","Man Utd (A)"
"Rose","Norwich (H)","Sunderland (A)","Man City (A)","Watford (H)","Spurs (A)","West Ham (H)","Bournemouth (A)","Liverpool (H)"
"Bentaleb","Bournemouth (H)","Liverpool (A)","Man Utd (H)","Stoke (A)","West Brom (H)","Chelsea (A)","Southampton (H)","Newcastle (A)"
"Blackett","Man City (A)","Everton (H)","Spurs (A)","Aston Villa (H)","-","Leicester (H)","Norwich (A)","Bournemouth (H)"
"Mings","Spurs (A)","Man City (H)","Aston Villa (A)","Liverpool (H)","Chelsea (H)","Everton (A)","West Brom (H)","Man Utd (A)"
"Firmino","Southampton (A)","Spurs (H)","Stoke (H)","Bournemouth (A)","Newcastle (H)","Swansea (A)","Watford (H)","West Brom (A)"
"Sagna","Man Utd (H)","Bournemouth (A)","West Brom (H)","Chelsea (A)","Stoke (H)","Southampton (A)","Arsenal (H)","Swansea (A)"
"Adebayor","Leicester (H)","West Ham (A)","Norwich (H)","Arsenal (A)","Everton (H)","Newcastle (A)","Stoke (H)","Southampton (A)"
"Gomes","Stoke (H)","Arsenal (A)","Everton (H)","West Brom (A)","Norwich (A)","Aston Villa (H)","Liverpool (A)","Sunderland (H)"
"Shawcross","Watford (A)","Swansea (H)","Liverpool (A)","Spurs (H)","Man City (A)","Sunderland (H)","Crystal Palace (A)","West Ham (H)"
"Matic","West Ham (H)","Aston Villa (A)","Swansea (A)","Man City (H)","Bournemouth (A)","Spurs (H)","Sunderland (A)","Leicester (H)"
"Whelan","Watford (A)","Swansea (H)","Liverpool (A)","Spurs (H)","Man City (A)","Sunderland (H)","Crystal Palace (A)","West Ham (H)"
"Knockaert","Newcastle (H)","Crystal Palace (A)","Southampton (H)","Sunderland (A)","West Ham (H)","Swansea (H)","Man Utd (A)","Everton (H)"
"Coloccini","Leicester (A)","Sunderland (H)","Norwich (A)","Southampton (A)","Swansea (H)","Liverpool (A)","Crystal Palace (H)","Aston Villa (A)"
"Bony","Man Utd (H)","Bournemouth (A)","West Brom (H)","Chelsea (A)","Stoke (H)","Southampton (A)","Arsenal (H)","Swansea (A)"
"Hendrie","Chelsea (A)","Crystal Palace (H)","Arsenal (H)","Leicester (A)","-","West Brom (A)","Swansea (H)","Stoke (A)"
"Howard","Arsenal (H)","Man Utd (A)","Watford (A)","Southampton (H)","Crystal Palace (A)","Bournemouth (H)","Leicester (A)","Norwich (H)"
"Jovetic","Man Utd (H)","Bournemouth (A)","West Brom (H)","Chelsea (A)","Stoke (H)","Southampton (A)","Arsenal (H)","Swansea (A)"
"Woodman","Leicester (A)","Sunderland (H)","Norwich (A)","Southampton (A)","Swansea (H)","Liverpool (A)","Crystal Palace (H)","Aston Villa (A)"
"Lascelles","Leicester (A)","Sunderland (H)","Norwich (A)","Southampton (A)","Swansea (H)","Liverpool (A)","Crystal Palace (H)","Aston Villa (A)"
"Djilobodji","West Ham (H)","Aston Villa (A)","Swansea (A)","Man City (H)","Bournemouth (A)","Spurs (H)","Sunderland (A)","Leicester (H)"
"Turner","West Brom (A)","Newcastle (H)","Crystal Palace (A)","Sunderland (H)","Watford (H)","Arsenal (A)","Man Utd (H)","Everton (A)"
"Di María","Man City (A)","Everton (H)","Spurs (A)","Aston Villa (H)","-","Leicester (H)","Norwich (A)","Bournemouth (H)"
"De Bruyne","Man Utd (H)","Bournemouth (A)","West Brom (H)","Chelsea (A)","Stoke (H)","Southampton (A)","Arsenal (H)","Swansea (A)"
"Oxford","Chelsea (A)","Crystal Palace (H)","Arsenal (H)","Leicester (A)","-","West Brom (A)","Swansea (H)","Stoke (A)"
"Milner","Southampton (A)","Spurs (H)","Stoke (H)","Bournemouth (A)","Newcastle (H)","Swansea (A)","Watford (H)","West Brom (A)"
"Gomez","Southampton (A)","Spurs (H)","Stoke (H)","Bournemouth (A)","Newcastle (H)","Swansea (A)","Watford (H)","West Brom (A)"
"Hoban","Stoke (H)","Arsenal (A)","Everton (H)","West Brom (A)","Norwich (A)","Aston Villa (H)","Liverpool (A)","Sunderland (H)"
"Barrow","Aston Villa (H)","Stoke (A)","Chelsea (H)","Newcastle (A)","Leicester (A)","Liverpool (H)","West Ham (A)","Man City (H)"
"Haidara","Leicester (A)","Sunderland (H)","Norwich (A)","Southampton (A)","Swansea (H)","Liverpool (A)","Crystal Palace (H)","Aston Villa (A)"
"Mirallas","Arsenal (H)","Man Utd (A)","Watford (A)","Southampton (H)","Crystal Palace (A)","Bournemouth (H)","Leicester (A)","Norwich (H)"
"Allsop","Spurs (A)","Man City (H)","Aston Villa (A)","Liverpool (H)","Chelsea (H)","Everton (A)","West Brom (H)","Man Utd (A)"
"Coutinho","Southampton (A)","Spurs (H)","Stoke (H)","Bournemouth (A)","Newcastle (H)","Swansea (A)","Watford (H)","West Brom (A)"
"Vergini","Newcastle (A)","West Brom (H)","Leicester (H)","Norwich (A)","Arsenal (H)","Stoke (A)","Chelsea (H)","Watford (A)"
"Anichebe","Norwich (H)","Sunderland (A)","Man City (A)","Watford (H)","Spurs (A)","West Ham (H)","Bournemouth (A)","Liverpool (H)"
"Samuelsen","Chelsea (A)","Crystal Palace (H)","Arsenal (H)","Leicester (A)","-","West Brom (A)","Swansea (H)","Stoke (A)"
"Matthews","Newcastle (A)","West Brom (H)","Leicester (H)","Norwich (A)","Arsenal (H)","Stoke (A)","Chelsea (H)","Watford (A)"
"Ramsey","Everton (A)","Watford (H)","West Ham (A)","Crystal Palace (H)","Sunderland (A)","Norwich (H)","Man City (A)","Aston Villa (H)"
"Lanzini","Chelsea (A)","Crystal Palace (H)","Arsenal (H)","Leicester (A)","-","West Brom (A)","Swansea (H)","Stoke (A)"
"Johnson","Watford (A)","Swansea (H)","Liverpool (A)","Spurs (H)","Man City (A)","Sunderland (H)","Crystal Palace (A)","West Ham (H)"
"Pereira","Man City (A)","Everton (H)","Spurs (A)","Aston Villa (H)","-","Leicester (H)","Norwich (A)","Bournemouth (H)"
"Toivonen","Newcastle (A)","West Brom (H)","Leicester (H)","Norwich (A)","Arsenal (H)","Stoke (A)","Chelsea (H)","Watford (A)"
"Borthwick-Jackson","Man City (A)","Everton (H)","Spurs (A)","Aston Villa (H)","-","Leicester (H)","Norwich (A)","Bournemouth (H)"
"Speroni","Leicester (H)","West Ham (A)","Norwich (H)","Arsenal (A)","Everton (H)","Newcastle (A)","Stoke (H)","Southampton (A)"
"Mahrez","Newcastle (H)","Crystal Palace (A)","Southampton (H)","Sunderland (A)","West Ham (H)","Swansea (H)","Man Utd (A)","Everton (H)"
"van Dijk","Liverpool (H)","Leicester (A)","Newcastle (H)","Everton (A)","Aston Villa (A)","Man City (H)","Spurs (A)","Crystal Palace (H)"
"Soldado","Bournemouth (H)","Liverpool (A)","Man Utd (H)","Stoke (A)","West Brom (H)","Chelsea (A)","Southampton (H)","Newcastle (A)"
"Yedlin","Newcastle (A)","West Brom (H)","Leicester (H)","Norwich (A)","Arsenal (H)","Stoke (A)","Chelsea (H)","Watford (A)"
"Pinto","West Brom (A)","Newcastle (H)","Crystal Palace (A)","Sunderland (H)","Watford (H)","Arsenal (A)","Man Utd (H)","Everton (A)"
"Flamini","Everton (A)","Watford (H)","West Ham (A)","Crystal Palace (H)","Sunderland (A)","Norwich (H)","Man City (A)","Aston Villa (H)"
"Hibbert","Arsenal (H)","Man Utd (A)","Watford (A)","Southampton (H)","Crystal Palace (A)","Bournemouth (H)","Leicester (A)","Norwich (H)"
"Williams","Aston Villa (H)","Stoke (A)","Chelsea (H)","Newcastle (A)","Leicester (A)","Liverpool (H)","West Ham (A)","Man City (H)"
"Afobe","Spurs (A)","Man City (H)","Aston Villa (A)","Liverpool (H)","Chelsea (H)","Everton (A)","West Brom (H)","Man Utd (A)"
"Randall","Southampton (A)","Spurs (H)","Stoke (H)","Bournemouth (A)","Newcastle (H)","Swansea (A)","Watford (H)","West Brom (A)"
"Gibbs","Everton (A)","Watford (H)","West Ham (A)","Crystal Palace (H)","Sunderland (A)","Norwich (H)","Man City (A)","Aston Villa (H)"
"Gestede","Swansea (A)","Chelsea (H)","Bournemouth (H)","Man Utd (A)","Southampton (H)","Watford (A)","Newcastle (H)","Arsenal (A)"
"Rodriguez","Liverpool (H)","Leicester (A)","Newcastle (H)","Everton (A)","Aston Villa (A)","Man City (H)","Spurs (A)","Crystal Palace (H)"
"Bunn","Swansea (A)","Chelsea (H)","Bournemouth (H)","Man Utd (A)","Southampton (H)","Watford (A)","Newcastle (H)","Arsenal (A)"
"Wollscheid","Watford (A)","Swansea (H)","Liverpool (A)","Spurs (H)","Man City (A)","Sunderland (H)","Crystal Palace (A)","West Ham (H)"
"Fernandinho","Man Utd (H)","Bournemouth (A)","West Brom (H)","Chelsea (A)","Stoke (H)","Southampton (A)","Arsenal (H)","Swansea (A)"
"Origi","Southampton (A)","Spurs (H)","Stoke (H)","Bournemouth (A)","Newcastle (H)","Swansea (A)","Watford (H)","West Brom (A)"
"Lambert","Norwich (H)","Sunderland (A)","Man City (A)","Watford (H)","Spurs (A)","West Ham (H)","Bournemouth (A)","Liverpool (H)"
"Cole","Swansea (A)","Chelsea (H)","Bournemouth (H)","Man Utd (A)","Southampton (H)","Watford (A)","Newcastle (H)","Arsenal (A)"
"Chiriches","Bournemouth (H)","Liverpool (A)","Man Utd (H)","Stoke (A)","West Brom (H)","Chelsea (A)","Southampton (H)","Newcastle (A)"
"Sanogo","Everton (A)","Watford (H)","West Ham (A)","Crystal Palace (H)","Sunderland (A)","Norwich (H)","Man City (A)","Aston Villa (H)"
"Tettey","West Brom (A)","Newcastle (H)","Crystal Palace (A)","Sunderland (H)","Watford (H)","Arsenal (A)","Man Utd (H)","Everton (A)"
"Depay","Man City (A)","Everton (H)","Spurs (A)","Aston Villa (H)","-","Leicester (H)","Norwich (A)","Bournemouth (H)"
"Elliott Bennett","West Brom (A)","Newcastle (H)","Crystal Palace (A)","Sunderland (H)","Watford (H)","Arsenal (A)","Man Utd (H)","Everton (A)"
"Lee Chung-yong","Leicester (H)","West Ham (A)","Norwich (H)","Arsenal (A)","Everton (H)","Newcastle (A)","Stoke (H)","Southampton (A)"
"Noble","Chelsea (A)","Crystal Palace (H)","Arsenal (H)","Leicester (A)","-","West Brom (A)","Swansea (H)","Stoke (A)"
"Berghuis","Stoke (H)","Arsenal (A)","Everton (H)","West Brom (A)","Norwich (A)","Aston Villa (H)","Liverpool (A)","Sunderland (H)"
"Buckley","Newcastle (A)","West Brom (H)","Leicester (H)","Norwich (A)","Arsenal (H)","Stoke (A)","Chelsea (H)","Watford (A)"
"Forster","Liverpool (H)","Leicester (A)","Newcastle (H)","Everton (A)","Aston Villa (A)","Man City (H)","Spurs (A)","Crystal Palace (H)"
"Butcher","Spurs (A)","Man City (H)","Aston Villa (A)","Liverpool (H)","Chelsea (H)","Everton (A)","West Brom (H)","Man Utd (A)"
"Campbell","Everton (A)","Watford (H)","West Ham (A)","Crystal Palace (H)","Sunderland (A)","Norwich (H)","Man City (A)","Aston Villa (H)"
"Mbabu","Leicester (A)","Sunderland (H)","Norwich (A)","Southampton (A)","Swansea (H)","Liverpool (A)","Crystal Palace (H)","Aston Villa (A)"
"Chester","Norwich (H)","Sunderland (A)","Man City (A)","Watford (H)","Spurs (A)","West Ham (H)","Bournemouth (A)","Liverpool (H)"
"Mason","Bournemouth (H)","Liverpool (A)","Man Utd (H)","Stoke (A)","West Brom (H)","Chelsea (A)","Southampton (H)","Newcastle (A)"
"Kramaric","Newcastle (H)","Crystal Palace (A)","Southampton (H)","Sunderland (A)","West Ham (H)","Swansea (H)","Man Utd (A)","Everton (H)"
"Butland","Watford (A)","Swansea (H)","Liverpool (A)","Spurs (H)","Man City (A)","Sunderland (H)","Crystal Palace (A)","West Ham (H)"
"Willian","West Ham (H)","Aston Villa (A)","Swansea (A)","Man City (H)","Bournemouth (A)","Spurs (H)","Sunderland (A)","Leicester (H)"
"Atsu","West Ham (H)","Aston Villa (A)","Swansea (A)","Man City (H)","Bournemouth (A)","Spurs (H)","Sunderland (A)","Leicester (H)"
"Moreno","Southampton (A)","Spurs (H)","Stoke (H)","Bournemouth (A)","Newcastle (H)","Swansea (A)","Watford (H)","West Brom (A)"
"Walters","Watford (A)","Swansea (H)","Liverpool (A)","Spurs (H)","Man City (A)","Sunderland (H)","Crystal Palace (A)","West Ham (H)"
"Cork","Aston Villa (H)","Stoke (A)","Chelsea (H)","Newcastle (A)","Leicester (A)","Liverpool (H)","West Ham (A)","Man City (H)"
"Rondón","Norwich (H)","Sunderland (A)","Man City (A)","Watford (H)","Spurs (A)","West Ham (H)","Bournemouth (A)","Liverpool (H)"
"Pritchard","Norwich (H)","Sunderland (A)","Man City (A)","Watford (H)","Spurs (A)","West Ham (H)","Bournemouth (A)","Liverpool (H)"
"Varela","Man City (A)","Everton (H)","Spurs (A)","Aston Villa (H)","-","Leicester (H)","Norwich (A)","Bournemouth (H)"
"Özil","Everton (A)","Watford (H)","West Ham (A)","Crystal Palace (H)","Sunderland (A)","Norwich (H)","Man City (A)","Aston Villa (H)"
"Elphick","Spurs (A)","Man City (H)","Aston Villa (A)","Liverpool (H)","Chelsea (H)","Everton (A)","West Brom (H)","Man Utd (A)"
"Remy","West Ham (H)","Aston Villa (A)","Swansea (A)","Man City (H)","Bournemouth (A)","Spurs (H)","Sunderland (A)","Leicester (H)"
"Lovren","Southampton (A)","Spurs (H)","Stoke (H)","Bournemouth (A)","Newcastle (H)","Swansea (A)","Watford (H)","West Brom (A)"
"Ryan Bennett","West Brom (A)","Newcastle (H)","Crystal Palace (A)","Sunderland (H)","Watford (H)","Arsenal (A)","Man Utd (H)","Everton (A)"
"Thauvin","Leicester (A)","Sunderland (H)","Norwich (A)","Southampton (A)","Swansea (H)","Liverpool (A)","Crystal Palace (H)","Aston Villa (A)"
"Cuadrado","West Ham (H)","Aston Villa (A)","Swansea (A)","Man City (H)","Bournemouth (A)","Spurs (H)","Sunderland (A)","Leicester (H)"
"McNair","Man City (A)","Everton (H)","Spurs (A)","Aston Villa (H)","-","Leicester (H)","Norwich (A)","Bournemouth (H)"
"Aarons","Leicester (A)","Sunderland (H)","Norwich (A)","Southampton (A)","Swansea (H)","Liverpool (A)","Crystal Palace (H)","Aston Villa (A)"
"Shaqiri","Watford (A)","Swansea (H)","Liverpool (A)","Spurs (H)","Man City (A)","Sunderland (H)","Crystal Palace (A)","West Ham (H)"
"Manquillo","Southampton (A)","Spurs (H)","Stoke (H)","Bournemouth (A)","Newcastle (H)","Swansea (A)","Watford (H)","West Brom (A)"
"Colback","Leicester (A)","Sunderland (H)","Norwich (A)","Southampton (A)","Swansea (H)","Liverpool (A)","Crystal Palace (H)","Aston Villa (A)"
"Macey","Everton (A)","Watford (H)","West Ham (A)","Crystal Palace (H)","Sunderland (A)","Norwich (H)","Man City (A)","Aston Villa (H)"
"Fernández","Aston Villa (H)","Stoke (A)","Chelsea (H)","Newcastle (A)","Leicester (A)","Liverpool (H)","West Ham (A)","Man City (H)"
"Emnes","Aston Villa (H)","Stoke (A)","Chelsea (H)","Newcastle (A)","Leicester (A)","Liverpool (H)","West Ham (A)","Man City (H)"
"Moha","Watford (A)","Swansea (H)","Liverpool (A)","Spurs (H)","Man City (A)","Sunderland (H)","Crystal Palace (A)","West Ham (H)"
"Caballero","Man Utd (H)","Bournemouth (A)","West Brom (H)","Chelsea (A)","Stoke (H)","Southampton (A)","Arsenal (H)","Swansea (A)"
"Schmeichel","Newcastle (H)","Crystal Palace (A)","Southampton (H)","Sunderland (A)","West Ham (H)","Swansea (H)","Man Utd (A)","Everton (H)"
"Amalfitano","Chelsea (A)","Crystal Palace (H)","Arsenal (H)","Leicester (A)","-","West Brom (A)","Swansea (H)","Stoke (A)"
"Pugh","Spurs (A)","Man City (H)","Aston Villa (A)","Liverpool (H)","Chelsea (H)","Everton (A)","West Brom (H)","Man Utd (A)"
"Flanagan","Southampton (A)","Spurs (H)","Stoke (H)","Bournemouth (A)","Newcastle (H)","Swansea (A)","Watford (H)","West Brom (A)"
"Fernando","Man Utd (H)","Bournemouth (A)","West Brom (H)","Chelsea (A)","Stoke (H)","Southampton (A)","Arsenal (H)","Swansea (A)"
"Beadling","Newcastle (A)","West Brom (H)","Leicester (H)","Norwich (A)","Arsenal (H)","Stoke (A)","Chelsea (H)","Watford (A)"
"Federici","Spurs (A)","Man City (H)","Aston Villa (A)","Liverpool (H)","Chelsea (H)","Everton (A)","West Brom (H)","Man Utd (A)"
"McManaman","Norwich (H)","Sunderland (A)","Man City (A)","Watford (H)","Spurs (A)","West Ham (H)","Bournemouth (A)","Liverpool (H)"
"Francis","Spurs (A)","Man City (H)","Aston Villa (A)","Liverpool (H)","Chelsea (H)","Everton (A)","West Brom (H)","Man Utd (A)"
"Dzeko","Man Utd (H)","Bournemouth (A)","West Brom (H)","Chelsea (A)","Stoke (H)","Southampton (A)","Arsenal (H)","Swansea (A)"
"Graham","Newcastle (A)","West Brom (H)","Leicester (H)","Norwich (A)","Arsenal (H)","Stoke (A)","Chelsea (H)","Watford (A)"
"Cissokho","Swansea (A)","Chelsea (H)","Bournemouth (H)","Man Utd (A)","Southampton (H)","Watford (A)","Newcastle (H)","Arsenal (A)"
"Herrera","Man City (A)","Everton (H)","Spurs (A)","Aston Villa (H)","-","Leicester (H)","Norwich (A)","Bournemouth (H)"
"Doyley","Stoke (H)","Arsenal (A)","Everton (H)","West Brom (A)","Norwich (A)","Aston Villa (H)","Liverpool (A)","Sunderland (H)"
"Inler","Newcastle (H)","Crystal Palace (A)","Southampton (H)","Sunderland (A)","West Ham (H)","Swansea (H)","Man Utd (A)","Everton (H)"
"Djuricic","Liverpool (H)","Leicester (A)","Newcastle (H)","Everton (A)","Aston Villa (A)","Man City (H)","Spurs (A)","Crystal Palace (H)"
"Jenkinson","Everton (A)","Watford (H)","West Ham (A)","Crystal Palace (H)","Sunderland (A)","Norwich (H)","Man City (A)","Aston Villa (H)"
"Clasie","Liverpool (H)","Leicester (A)","Newcastle (H)","Everton (A)","Aston Villa (A)","Man City (H)","Spurs (A)","Crystal Palace (H)"
"Collins","Chelsea (A)","Crystal Palace (H)","Arsenal (H)","Leicester (A)","-","West Brom (A)","Swansea (H)","Stoke (A)"
"Stanislas","Spurs (A)","Man City (H)","Aston Villa (A)","Liverpool (H)","Chelsea (H)","Everton (A)","West Brom (H)","Man Utd (A)"
"Nolan","Chelsea (A)","Crystal Palace (H)","Arsenal (H)","Leicester (A)","-","West Brom (A)","Swansea (H)","Stoke (A)"
"Lucas","Aston Villa (H)","Stoke (A)","Chelsea (H)","Newcastle (A)","Leicester (A)","Liverpool (H)","West Ham (A)","Man City (H)"
"Darmian","Man City (A)","Everton (H)","Spurs (A)","Aston Villa (H)","-","Leicester (H)","Norwich (A)","Bournemouth (H)"
"Song","Chelsea (A)","Crystal Palace (H)","Arsenal (H)","Leicester (A)","-","West Brom (A)","Swansea (H)","Stoke (A)"
"Rivière","Leicester (A)","Sunderland (H)","Norwich (A)","Southampton (A)","Swansea (H)","Liverpool (A)","Crystal Palace (H)","Aston Villa (A)"
"Evans","Man Utd (H)","Bournemouth (A)","West Brom (H)","Chelsea (A)","Stoke (H)","Southampton (A)","Arsenal (H)","Swansea (A)"
"Hooiveld","West Brom (A)","Newcastle (H)","Crystal Palace (A)","Sunderland (H)","Watford (H)","Arsenal (A)","Man Utd (H)","Everton (A)"
"Henderson","Southampton (A)","Spurs (H)","Stoke (H)","Bournemouth (A)","Newcastle (H)","Swansea (A)","Watford (H)","West Brom (A)"
"Lallana","Southampton (A)","Spurs (H)","Stoke (H)","Bournemouth (A)","Newcastle (H)","Swansea (A)","Watford (H)","West Brom (A)"
"Ekstrand","Stoke (H)","Arsenal (A)","Everton (H)","West Brom (A)","Norwich (A)","Aston Villa (H)","Liverpool (A)","Sunderland (H)"
"Gradel","Spurs (A)","Man City (H)","Aston Villa (A)","Liverpool (H)","Chelsea (H)","Everton (A)","West Brom (H)","Man Utd (A)"
"Muniesa","Watford (A)","Swansea (H)","Liverpool (A)","Spurs (H)","Man City (A)","Sunderland (H)","Crystal Palace (A)","West Ham (H)"
"Rudd","West Brom (A)","Newcastle (H)","Crystal Palace (A)","Sunderland (H)","Watford (H)","Arsenal (A)","Man Utd (H)","Everton (A)"
"McGugan","Stoke (H)","Arsenal (A)","Everton (H)","West Brom (A)","Norwich (A)","Aston Villa (H)","Liverpool (A)","Sunderland (H)"
"Wickham","Leicester (H)","West Ham (A)","Norwich (H)","Arsenal (A)","Everton (H)","Newcastle (A)","Stoke (H)","Southampton (A)"
"Coleman","Arsenal (H)","Man Utd (A)","Watford (A)","Southampton (H)","Crystal Palace (A)","Bournemouth (H)","Leicester (A)","Norwich (H)"
"Knoyle","Chelsea (A)","Crystal Palace (H)","Arsenal (H)","Leicester (A)","-","West Brom (A)","Swansea (H)","Stoke (A)"
"Nugent","Newcastle (H)","Crystal Palace (A)","Southampton (H)","Sunderland (A)","West Ham (H)","Swansea (H)","Man Utd (A)","Everton (H)"
"O'Shea","Newcastle (A)","West Brom (H)","Leicester (H)","Norwich (A)","Arsenal (H)","Stoke (A)","Chelsea (H)","Watford (A)"
"Barry","Arsenal (H)","Man Utd (A)","Watford (A)","Southampton (H)","Crystal Palace (A)","Bournemouth (H)","Leicester (A)","Norwich (H)"
"Osman","Arsenal (H)","Man Utd (A)","Watford (A)","Southampton (H)","Crystal Palace (A)","Bournemouth (H)","Leicester (A)","Norwich (H)"
"Cabaye","Leicester (H)","West Ham (A)","Norwich (H)","Arsenal (A)","Everton (H)","Newcastle (A)","Stoke (H)","Southampton (A)"
"Son","Bournemouth (H)","Liverpool (A)","Man Utd (H)","Stoke (A)","West Brom (H)","Chelsea (A)","Southampton (H)","Newcastle (A)"
"Behrami","Stoke (H)","Arsenal (A)","Everton (H)","West Brom (A)","Norwich (A)","Aston Villa (H)","Liverpool (A)","Sunderland (H)"
"Kean","West Brom (A)","Newcastle (H)","Crystal Palace (A)","Sunderland (H)","Watford (H)","Arsenal (A)","Man Utd (H)","Everton (A)"
"Ki Sung-yueng","Aston Villa (H)","Stoke (A)","Chelsea (H)","Newcastle (A)","Leicester (A)","Liverpool (H)","West Ham (A)","Man City (H)"
"Belkalem","Stoke (H)","Arsenal (A)","Everton (H)","West Brom (A)","Norwich (A)","Aston Villa (H)","Liverpool (A)","Sunderland (H)"
"Demichelis","Man Utd (H)","Bournemouth (A)","West Brom (H)","Chelsea (A)","Stoke (H)","Southampton (A)","Arsenal (H)","Swansea (A)"
"Ivanovic","West Ham (H)","Aston Villa (A)","Swansea (A)","Man City (H)","Bournemouth (A)","Spurs (H)","Sunderland (A)","Leicester (H)"
"Abdi","Stoke (H)","Arsenal (A)","Everton (H)","West Brom (A)","Norwich (A)","Aston Villa (H)","Liverpool (A)","Sunderland (H)"
"Dyer","Stoke (H)","Arsenal (A)","Everton (H)","West Brom (A)","Norwich (A)","Aston Villa (H)","Liverpool (A)","Sunderland (H)"
"Bardsley","Watford (A)","Swansea (H)","Liverpool (A)","Spurs (H)","Man City (A)","Sunderland (H)","Crystal Palace (A)","West Ham (H)"
"Kouyaté","Chelsea (A)","Crystal Palace (H)","Arsenal (H)","Leicester (A)","-","West Brom (A)","Swansea (H)","Stoke (A)"
"Taylor","Aston Villa (H)","Stoke (A)","Chelsea (H)","Newcastle (A)","Leicester (A)","Liverpool (H)","West Ham (A)","Man City (H)"
"Joselu","Watford (A)","Swansea (H)","Liverpool (A)","Spurs (H)","Man City (A)","Sunderland (H)","Crystal Palace (A)","West Ham (H)"
"Hooper","West Brom (A)","Newcastle (H)","Crystal Palace (A)","Sunderland (H)","Watford (H)","Arsenal (A)","Man Utd (H)","Everton (A)"
"Mata","Man City (A)","Everton (H)","Spurs (A)","Aston Villa (H)","-","Leicester (H)","Norwich (A)","Bournemouth (H)"
"Martina","Liverpool (H)","Leicester (A)","Newcastle (H)","Everton (A)","Aston Villa (A)","Man City (H)","Spurs (A)","Crystal Palace (H)"
"José Enrique","Southampton (A)","Spurs (H)","Stoke (H)","Bournemouth (A)","Newcastle (H)","Swansea (A)","Watford (H)","West Brom (A)"
"Kirchhoff","Newcastle (A)","West Brom (H)","Leicester (H)","Norwich (A)","Arsenal (H)","Stoke (A)","Chelsea (H)","Watford (A)"
"Sterry","Leicester (A)","Sunderland (H)","Norwich (A)","Southampton (A)","Swansea (H)","Liverpool (A)","Crystal Palace (H)","Aston Villa (A)"
"Andreu","West Brom (A)","Newcastle (H)","Crystal Palace (A)","Sunderland (H)","Watford (H)","Arsenal (A)","Man Utd (H)","Everton (A)"
"Puncheon","Leicester (H)","West Ham (A)","Norwich (H)","Arsenal (A)","Everton (H)","Newcastle (A)","Stoke (H)","Southampton (A)"
"Brown","Newcastle (A)","West Brom (H)","Leicester (H)","Norwich (A)","Arsenal (H)","Stoke (A)","Chelsea (H)","Watford (A)"
"Lafferty","West Brom (A)","Newcastle (H)","Crystal Palace (A)","Sunderland (H)","Watford (H)","Arsenal (A)","Man Utd (H)","Everton (A)"
"Barker","Man Utd (H)","Bournemouth (A)","West Brom (H)","Chelsea (A)","Stoke (H)","Southampton (A)","Arsenal (H)","Swansea (A)"
"Rodwell","Newcastle (A)","West Brom (H)","Leicester (H)","Norwich (A)","Arsenal (H)","Stoke (A)","Chelsea (H)","Watford (A)"
"Grimes","Aston Villa (H)","Stoke (A)","Chelsea (H)","Newcastle (A)","Leicester (A)","Liverpool (H)","West Ham (A)","Man City (H)"
"Bojan","Watford (A)","Swansea (H)","Liverpool (A)","Spurs (H)","Man City (A)","Sunderland (H)","Crystal Palace (A)","West Ham (H)"
"Ibe","Southampton (A)","Spurs (H)","Stoke (H)","Bournemouth (A)","Newcastle (H)","Swansea (A)","Watford (H)","West Brom (A)"
"Pellè","Liverpool (H)","Leicester (A)","Newcastle (H)","Everton (A)","Aston Villa (A)","Man City (H)","Spurs (A)","Crystal Palace (H)"
"Jelavic","Chelsea (A)","Crystal Palace (H)","Arsenal (H)","Leicester (A)","-","West Brom (A)","Swansea (H)","Stoke (A)"
"Marveaux","Leicester (A)","Sunderland (H)","Norwich (A)","Southampton (A)","Swansea (H)","Liverpool (A)","Crystal Palace (H)","Aston Villa (A)"
"Powell","Man City (A)","Everton (H)","Spurs (A)","Aston Villa (H)","-","Leicester (H)","Norwich (A)","Bournemouth (H)"
"Spiegel","Chelsea (A)","Crystal Palace (H)","Arsenal (H)","Leicester (A)","-","West Brom (A)","Swansea (H)","Stoke (A)"
"Delph","Man Utd (H)","Bournemouth (A)","West Brom (H)","Chelsea (A)","Stoke (H)","Southampton (A)","Arsenal (H)","Swansea (A)"
"Bond","Stoke (H)","Arsenal (A)","Everton (H)","West Brom (A)","Norwich (A)","Aston Villa (H)","Liverpool (A)","Sunderland (H)"
"Berahino","Norwich (H)","Sunderland (A)","Man City (A)","Watford (H)","Spurs (A)","West Ham (H)","Bournemouth (A)","Liverpool (H)"
"Adelaide","Everton (A)","Watford (H)","West Ham (A)","Crystal Palace (H)","Sunderland (A)","Norwich (H)","Man City (A)","Aston Villa (H)"
"Drinkwater","Newcastle (H)","Crystal Palace (A)","Southampton (H)","Sunderland (A)","West Ham (H)","Swansea (H)","Man Utd (A)","Everton (H)"
"Baines","Arsenal (H)","Man Utd (A)","Watford (A)","Southampton (H)","Crystal Palace (A)","Bournemouth (H)","Leicester (A)","Norwich (H)"
"Gayle","Leicester (H)","West Ham (A)","Norwich (H)","Arsenal (A)","Everton (H)","Newcastle (A)","Stoke (H)","Southampton (A)"
"Pedro","West Ham (H)","Aston Villa (A)","Swansea (A)","Man City (H)","Bournemouth (A)","Spurs (H)","Sunderland (A)","Leicester (H)"
"Watson","Stoke (H)","Arsenal (A)","Everton (H)","West Brom (A)","Norwich (A)","Aston Villa (H)","Liverpool (A)","Sunderland (H)"
"Solanke","West Ham (H)","Aston Villa (A)","Swansea (A)","Man City (H)","Bournemouth (A)","Spurs (H)","Sunderland (A)","Leicester (H)"
"Lee","Chelsea (A)","Crystal Palace (H)","Arsenal (H)","Leicester (A)","-","West Brom (A)","Swansea (H)","Stoke (A)"
"Vorm","Bournemouth (H)","Liverpool (A)","Man Utd (H)","Stoke (A)","West Brom (H)","Chelsea (A)","Southampton (H)","Newcastle (A)"
"Crespo","Swansea (A)","Chelsea (H)","Bournemouth (H)","Man Utd (A)","Southampton (H)","Watford (A)","Newcastle (H)","Arsenal (A)"
"Pocognoli","Norwich (H)","Sunderland (A)","Man City (A)","Watford (H)","Spurs (A)","West Ham (H)","Bournemouth (A)","Liverpool (H)"
"Davies","Bournemouth (H)","Liverpool (A)","Man Utd (H)","Stoke (A)","West Brom (H)","Chelsea (A)","Southampton (H)","Newcastle (A)"
"Mikel","West Ham (H)","Aston Villa (A)","Swansea (A)","Man City (H)","Bournemouth (A)","Spurs (H)","Sunderland (A)","Leicester (H)"
"Dodoo","Newcastle (H)","Crystal Palace (A)","Southampton (H)","Sunderland (A)","West Ham (H)","Swansea (H)","Man Utd (A)","Everton (H)"
"Oriol Romeu","Liverpool (H)","Leicester (A)","Newcastle (H)","Everton (A)","Aston Villa (A)","Man City (H)","Spurs (A)","Crystal Palace (H)"
"Myhill","Norwich (H)","Sunderland (A)","Man City (A)","Watford (H)","Spurs (A)","West Ham (H)","Bournemouth (A)","Liverpool (H)"
"Cahill","West Ham (H)","Aston Villa (A)","Swansea (A)","Man City (H)","Bournemouth (A)","Spurs (H)","Sunderland (A)","Leicester (H)"
"Odjidja-Ofoe","West Brom (A)","Newcastle (H)","Crystal Palace (A)","Sunderland (H)","Watford (H)","Arsenal (A)","Man Utd (H)","Everton (A)"
"Giroud","Everton (A)","Watford (H)","West Ham (A)","Crystal Palace (H)","Sunderland (A)","Norwich (H)","Man City (A)","Aston Villa (H)"
"Ayew","Swansea (A)","Chelsea (H)","Bournemouth (H)","Man Utd (A)","Southampton (H)","Watford (A)","Newcastle (H)","Arsenal (A)"
"Ogbonna","Chelsea (A)","Crystal Palace (H)","Arsenal (H)","Leicester (A)","-","West Brom (A)","Swansea (H)","Stoke (A)"
"Zárate","Chelsea (A)","Crystal Palace (H)","Arsenal (H)","Leicester (A)","-","West Brom (A)","Swansea (H)","Stoke (A)"
"Vardy","Newcastle (H)","Crystal Palace (A)","Southampton (H)","Sunderland (A)","West Ham (H)","Swansea (H)","Man Utd (A)","Everton (H)"
"Layún","Stoke (H)","Arsenal (A)","Everton (H)","West Brom (A)","Norwich (A)","Aston Villa (H)","Liverpool (A)","Sunderland (H)"
"Anya","Stoke (H)","Arsenal (A)","Everton (H)","West Brom (A)","Norwich (A)","Aston Villa (H)","Liverpool (A)","Sunderland (H)"
"Anita","Leicester (A)","Sunderland (H)","Norwich (A)","Southampton (A)","Swansea (H)","Liverpool (A)","Crystal Palace (H)","Aston Villa (A)"
"Juanmi","Liverpool (H)","Leicester (A)","Newcastle (H)","Everton (A)","Aston Villa (A)","Man City (H)","Spurs (A)","Crystal Palace (H)"
"Bartley","Aston Villa (H)","Stoke (A)","Chelsea (H)","Newcastle (A)","Leicester (A)","Liverpool (H)","West Ham (A)","Man City (H)"
"Amavi","Swansea (A)","Chelsea (H)","Bournemouth (H)","Man Utd (A)","Southampton (H)","Watford (A)","Newcastle (H)","Arsenal (A)"
"Reid","Chelsea (A)","Crystal Palace (H)","Arsenal (H)","Leicester (A)","-","West Brom (A)","Swansea (H)","Stoke (A)"
"Besic","Arsenal (H)","Man Utd (A)","Watford (A)","Southampton (H)","Crystal Palace (A)","Bournemouth (H)","Leicester (A)","Norwich (H)"
"Fàbregas","West Ham (H)","Aston Villa (A)","Swansea (A)","Man City (H)","Bournemouth (A)","Spurs (H)","Sunderland (A)","Leicester (H)"
"Sterling","Man Utd (H)","Bournemouth (A)","West Brom (H)","Chelsea (A)","Stoke (H)","Southampton (A)","Arsenal (H)","Swansea (A)"
"Surman","Spurs (A)","Man City (H)","Aston Villa (A)","Liverpool (H)","Chelsea (H)","Everton (A)","West Brom (H)","Man Utd (A)"
"Gooch","Newcastle (A)","West Brom (H)","Leicester (H)","Norwich (A)","Arsenal (H)","Stoke (A)","Chelsea (H)","Watford (A)"
"Ibarbo","Stoke (H)","Arsenal (A)","Everton (H)","West Brom (A)","Norwich (A)","Aston Villa (H)","Liverpool (A)","Sunderland (H)"
"Fletcher","Norwich (H)","Sunderland (A)","Man City (A)","Watford (H)","Spurs (A)","West Ham (H)","Bournemouth (A)","Liverpool (H)"
"Mitrovic","Leicester (A)","Sunderland (H)","Norwich (A)","Southampton (A)","Swansea (H)","Liverpool (A)","Crystal Palace (H)","Aston Villa (A)"
"Maiga","Chelsea (A)","Crystal Palace (H)","Arsenal (H)","Leicester (A)","-","West Brom (A)","Swansea (H)","Stoke (A)"
"Robles","Arsenal (H)","Man Utd (A)","Watford (A)","Southampton (H)","Crystal Palace (A)","Bournemouth (H)","Leicester (A)","Norwich (H)"
"Jones","Newcastle (A)","West Brom (H)","Leicester (H)","Norwich (A)","Arsenal (H)","Stoke (A)","Chelsea (H)","Watford (A)"
"Azpilicueta","West Ham (H)","Aston Villa (A)","Swansea (A)","Man City (H)","Bournemouth (A)","Spurs (H)","Sunderland (A)","Leicester (H)"
"Navas","Man Utd (H)","Bournemouth (A)","West Brom (H)","Chelsea (A)","Stoke (H)","Southampton (A)","Arsenal (H)","Swansea (A)"
"Gardner","Swansea (A)","Chelsea (H)","Bournemouth (H)","Man Utd (A)","Southampton (H)","Watford (A)","Newcastle (H)","Arsenal (A)"
"Ings","Southampton (A)","Spurs (H)","Stoke (H)","Bournemouth (A)","Newcastle (H)","Swansea (A)","Watford (H)","West Brom (A)"
"Veretout","Swansea (A)","Chelsea (H)","Bournemouth (H)","Man Utd (A)","Southampton (H)","Watford (A)","Newcastle (H)","Arsenal (A)"
"Tiendalli","Aston Villa (H)","Stoke (A)","Chelsea (H)","Newcastle (A)","Leicester (A)","Liverpool (H)","West Ham (A)","Man City (H)"
"Dorrans","West Brom (A)","Newcastle (H)","Crystal Palace (A)","Sunderland (H)","Watford (H)","Arsenal (A)","Man Utd (H)","Everton (A)"
"Adrián","Chelsea (A)","Crystal Palace (H)","Arsenal (H)","Leicester (A)","-","West Brom (A)","Swansea (H)","Stoke (A)"
"Kinsella","Swansea (A)","Chelsea (H)","Bournemouth (H)","Man Utd (A)","Southampton (H)","Watford (A)","Newcastle (H)","Arsenal (A)"
"Pozo","Man Utd (H)","Bournemouth (A)","West Brom (H)","Chelsea (A)","Stoke (H)","Southampton (A)","Arsenal (H)","Swansea (A)"
"Cameron","Watford (A)","Swansea (H)","Liverpool (A)","Spurs (H)","Man City (A)","Sunderland (H)","Crystal Palace (A)","West Ham (H)"
"Morgan","Newcastle (H)","Crystal Palace (A)","Southampton (H)","Sunderland (A)","West Ham (H)","Swansea (H)","Man Utd (A)","Everton (H)"
"Bamford","West Brom (A)","Newcastle (H)","Crystal Palace (A)","Sunderland (H)","Watford (H)","Arsenal (A)","Man Utd (H)","Everton (A)"
"Johnstone","Man City (A)","Everton (H)","Spurs (A)","Aston Villa (H)","-","Leicester (H)","Norwich (A)","Bournemouth (H)"
"Sheyi Ojo","Southampton (A)","Spurs (H)","Stoke (H)","Bournemouth (A)","Newcastle (H)","Swansea (A)","Watford (H)","West Brom (A)"
"Prödl","Stoke (H)","Arsenal (A)","Everton (H)","West Brom (A)","Norwich (A)","Aston Villa (H)","Liverpool (A)","Sunderland (H)"
"Kane","Bournemouth (H)","Liverpool (A)","Man Utd (H)","Stoke (A)","West Brom (H)","Chelsea (A)","Southampton (H)","Newcastle (A)"
"Iwobi","Everton (A)","Watford (H)","West Ham (A)","Crystal Palace (H)","Sunderland (A)","Norwich (H)","Man City (A)","Aston Villa (H)"
"Bannan","Leicester (H)","West Ham (A)","Norwich (H)","Arsenal (A)","Everton (H)","Newcastle (A)","Stoke (H)","Southampton (A)"
"Young","Man City (A)","Everton (H)","Spurs (A)","Aston Villa (H)","-","Leicester (H)","Norwich (A)","Bournemouth (H)"
"Ireland","Watford (A)","Swansea (H)","Liverpool (A)","Spurs (H)","Man City (A)","Sunderland (H)","Crystal Palace (A)","West Ham (H)"
"Oularé","Stoke (H)","Arsenal (A)","Everton (H)","West Brom (A)","Norwich (A)","Aston Villa (H)","Liverpool (A)","Sunderland (H)"
"Hamer","Newcastle (H)","Crystal Palace (A)","Southampton (H)","Sunderland (A)","West Ham (H)","Swansea (H)","Man Utd (A)","Everton (H)"
"Morrison","Norwich (H)","Sunderland (A)","Man City (A)","Watford (H)","Spurs (A)","West Ham (H)","Bournemouth (A)","Liverpool (H)"
"Mangala","Man Utd (H)","Bournemouth (A)","West Brom (H)","Chelsea (A)","Stoke (H)","Southampton (A)","Arsenal (H)","Swansea (A)"
"Wright","Man Utd (H)","Bournemouth (A)","West Brom (H)","Chelsea (A)","Stoke (H)","Southampton (A)","Arsenal (H)","Swansea (A)"
"N'Jie","Bournemouth (H)","Liverpool (A)","Man Utd (H)","Stoke (A)","West Brom (H)","Chelsea (A)","Southampton (H)","Newcastle (A)"
"Cabella","Leicester (A)","Sunderland (H)","Norwich (A)","Southampton (A)","Swansea (H)","Liverpool (A)","Crystal Palace (H)","Aston Villa (A)"
"Bennett","Swansea (A)","Chelsea (H)","Bournemouth (H)","Man Utd (A)","Southampton (H)","Watford (A)","Newcastle (H)","Arsenal (A)"
"Cattermole","Newcastle (A)","West Brom (H)","Leicester (H)","Norwich (A)","Arsenal (H)","Stoke (A)","Chelsea (H)","Watford (A)"
"Kolarov","Man Utd (H)","Bournemouth (A)","West Brom (H)","Chelsea (A)","Stoke (H)","Southampton (A)","Arsenal (H)","Swansea (A)"
"O'Kane","Spurs (A)","Man City (H)","Aston Villa (A)","Liverpool (H)","Chelsea (H)","Everton (A)","West Brom (H)","Man Utd (A)"
"Kingsley","Aston Villa (H)","Stoke (A)","Chelsea (H)","Newcastle (A)","Leicester (A)","Liverpool (H)","West Ham (A)","Man City (H)"
"Parfitt-Williams","Chelsea (A)","Crystal Palace (H)","Arsenal (H)","Leicester (A)","-","West Brom (A)","Swansea (H)","Stoke (A)"
"Rossiter","Southampton (A)","Spurs (H)","Stoke (H)","Bournemouth (A)","Newcastle (H)","Swansea (A)","Watford (H)","West Brom (A)"
"Carrick","Man City (A)","Everton (H)","Spurs (A)","Aston Villa (H)","-","Leicester (H)","Norwich (A)","Bournemouth (H)"
"Ighalo","Stoke (H)","Arsenal (A)","Everton (H)","West Brom (A)","Norwich (A)","Aston Villa (H)","Liverpool (A)","Sunderland (H)"
"Rodríguez","Arsenal (H)","Man Utd (A)","Watford (A)","Southampton (H)","Crystal Palace (A)","Bournemouth (H)","Leicester (A)","Norwich (H)"
"Winks","Bournemouth (H)","Liverpool (A)","Man Utd (H)","Stoke (A)","West Brom (H)","Chelsea (A)","Southampton (H)","Newcastle (A)"
"Lingard","Man City (A)","Everton (H)","Spurs (A)","Aston Villa (H)","-","Leicester (H)","Norwich (A)","Bournemouth (H)"
"Ayoze","Leicester (A)","Sunderland (H)","Norwich (A)","Southampton (A)","Swansea (H)","Liverpool (A)","Crystal Palace (H)","Aston Villa (A)"
"Hangeland","Leicester (H)","West Ham (A)","Norwich (H)","Arsenal (A)","Everton (H)","Newcastle (A)","Stoke (H)","Southampton (A)"
"Mannone","Newcastle (A)","West Brom (H)","Leicester (H)","Norwich (A)","Arsenal (H)","Stoke (A)","Chelsea (H)","Watford (A)"
"Hepburn-Murphy","Swansea (A)","Chelsea (H)","Bournemouth (H)","Man Utd (A)","Southampton (H)","Watford (A)","Newcastle (H)","Arsenal (A)"
"Targett","Liverpool (H)","Leicester (A)","Newcastle (H)","Everton (A)","Aston Villa (A)","Man City (H)","Spurs (A)","Crystal Palace (H)"
"Cédric","Liverpool (H)","Leicester (A)","Newcastle (H)","Everton (A)","Aston Villa (A)","Man City (H)","Spurs (A)","Crystal Palace (H)"
"Sako","Leicester (H)","West Ham (A)","Norwich (H)","Arsenal (A)","Everton (H)","Newcastle (A)","Stoke (H)","Southampton (A)"
"Shelvey","Leicester (A)","Sunderland (H)","Norwich (A)","Southampton (A)","Swansea (H)","Liverpool (A)","Crystal Palace (H)","Aston Villa (A)"
"Zabaleta","Man Utd (H)","Bournemouth (A)","West Brom (H)","Chelsea (A)","Stoke (H)","Southampton (A)","Arsenal (H)","Swansea (A)"
"Gilmartin","Stoke (H)","Arsenal (A)","Everton (H)","West Brom (A)","Norwich (A)","Aston Villa (H)","Liverpool (A)","Sunderland (H)"
"Giaccherini","Newcastle (A)","West Brom (H)","Leicester (H)","Norwich (A)","Arsenal (H)","Stoke (A)","Chelsea (H)","Watford (A)"
"Pennington","Arsenal (H)","Man Utd (A)","Watford (A)","Southampton (H)","Crystal Palace (A)","Bournemouth (H)","Leicester (A)","Norwich (H)"
"Cargill","Spurs (A)","Man City (H)","Aston Villa (A)","Liverpool (H)","Chelsea (H)","Everton (A)","West Brom (H)","Man Utd (A)"
"Daniels","Spurs (A)","Man City (H)","Aston Villa (A)","Liverpool (H)","Chelsea (H)","Everton (A)","West Brom (H)","Man Utd (A)"
"Randolph","Chelsea (A)","Crystal Palace (H)","Arsenal (H)","Leicester (A)","-","West Brom (A)","Swansea (H)","Stoke (A)"
"Dymond","Leicester (H)","West Ham (A)","Norwich (H)","Arsenal (A)","Everton (H)","Newcastle (A)","Stoke (H)","Southampton (A)"
"Yaya Touré","Man Utd (H)","Bournemouth (A)","West Brom (H)","Chelsea (A)","Stoke (H)","Southampton (A)","Arsenal (H)","Swansea (A)"
"Holebas","Stoke (H)","Arsenal (A)","Everton (H)","West Brom (A)","Norwich (A)","Aston Villa (H)","Liverpool (A)","Sunderland (H)"
"McGeady","Arsenal (H)","Man Utd (A)","Watford (A)","Southampton (H)","Crystal Palace (A)","Bournemouth (H)","Leicester (A)","Norwich (H)"
"James","Newcastle (H)","Crystal Palace (A)","Southampton (H)","Sunderland (A)","West Ham (H)","Swansea (H)","Man Utd (A)","Everton (H)"
"Gouffran","Leicester (A)","Sunderland (H)","Norwich (A)","Southampton (A)","Swansea (H)","Liverpool (A)","Crystal Palace (H)","Aston Villa (A)"
"Larsson","Newcastle (A)","West Brom (H)","Leicester (H)","Norwich (A)","Arsenal (H)","Stoke (A)","Chelsea (H)","Watford (A)"
"Jurado","Stoke (H)","Arsenal (A)","Everton (H)","West Brom (A)","Norwich (A)","Aston Villa (H)","Liverpool (A)","Sunderland (H)"
