"Player","Team Name","TP","PPG","Chance this round","Chance next round","Form","Selected By","Status","Position","Cost"
"Fryers","Crystal Palace","0","0.0","100","100","0.0","0.2","u","Defender","4.0"
"Romero","Man Utd","21","5.3","","","0.0","3.5","a","Goalkeeper","4.3"
"Senderos","Aston Villa","0","0.0","100","100","0.0","0.8","u","Defender","4.0"
"Baba Rahman","Chelsea","15","1.9","100","100","0.2","0.1","a","Defender","5.4"
"Lescott","Aston Villa","72","3.0","100","100","0.1","2.3","a","Defender","4.6"
"Coquelin","Arsenal","29","1.6","100","100","0.2","1.2","a","Midfielder","4.2"
"Williamson","Newcastle","0","0.0","0","0","0.0","0.1","u","Defender","4.2"
"Konchesky","Leicester","0","0.0","0","0","0.0","0.0","u","Defender","4.5"
"Sánchez","Aston Villa","26","1.7","0","0","0.0","0.3","i","Midfielder","4.3"
"Hernández","Man Utd","1","1.0","0","0","0.0","0.1","u","Forward","6.0"
"O'Neil","Norwich","23","1.2","100","100","0.2","0.0","a","Midfielder","4.2"
"Alfei","Swansea","0","0.0","","","0.0","0.0","u","Defender","4.0"
"Crouch","Stoke","9","1.1","100","100","0.1","0.4","a","Forward","5.6"
"Mané","Southampton","96","3.3","100","0","0.1","3.5","s","Midfielder","7.3"
"Watmore","Sunderland","31","1.8","0","0","0.0","0.3","i","Forward","4.1"
"Fazio","Spurs","0","0.0","0","0","0.0","0.1","u","Defender","4.7"
"Humphreys-Grant","Man City","0","0.0","","","0.0","0.0","a","Defender","4.0"
"McClean","West Brom","58","2.2","100","100","0.2","0.1","a","Midfielder","4.7"
"Guzan","Aston Villa","54","2.3","","","0.3","3.8","a","Goalkeeper","4.1"
"Yoshida","Southampton","51","2.7","","","0.2","1.3","a","Defender","4.0"
"Sessegnon","West Brom","53","2.8","100","100","0.6","0.1","a","Midfielder","5.1"
"Cathcart","Watford","91","3.4","25","100","0.4","2.2","a","Defender","4.6"
"Van Ginkel","Stoke","23","1.4","0","0","0.0","0.2","u","Midfielder","5.0"
"Cleverley","Everton","55","3.7","100","100","0.0","0.4","a","Midfielder","5.1"
"Sidwell","Stoke","1","1.0","0","0","0.0","0.1","u","Midfielder","4.2"
"Hennessey","Crystal Palace","68","3.1","100","100","0.2","10.0","a","Goalkeeper","4.2"
"Montero","Swansea","35","2.1","100","75","0.0","0.5","d","Midfielder","5.1"
"Szczesny","Arsenal","0","0.0","0","0","0.0","0.0","u","Goalkeeper","5.0"
"Poyet","West Ham","0","0.0","0","0","0.0","0.1","u","Midfielder","4.5"
"Burke","West Ham","0","0.0","100","100","0.0","0.2","u","Defender","3.9"
"Fuchs","Leicester","102","4.4","100","100","0.6","4.6","a","Defender","4.9"
"Benteke","Liverpool","84","3.5","100","100","0.4","9.2","a","Forward","8.0"
"Ledley","Crystal Palace","30","2.1","100","100","0.9","0.1","a","Midfielder","4.6"
"Hart","Man City","112","4.1","100","100","0.7","18.4","a","Goalkeeper","5.7"
"Galloway","Everton","39","2.6","100","100","0.0","0.6","a","Defender","3.9"
"Tomlin","Bournemouth","8","1.3","0","0","0.0","0.0","u","Forward","4.7"
"Carroll","West Ham","42","2.3","100","100","0.2","0.1","a","Forward","6.3"
"Terry","Chelsea","57","2.7","100","100","0.0","3.0","a","Defender","6.6"
"Diamanti","Watford","3","1.0","0","0","0.0","0.0","u","Midfielder","5.1"
"Clyne","Liverpool","80","3.0","100","100","1.2","19.2","a","Defender","5.2"
"Falcao","Chelsea","14","1.6","0","0","0.0","1.3","i","Forward","6.9"
"Whittaker","Norwich","10","1.3","100","100","0.0","0.2","a","Defender","3.9"
"Armstrong","Newcastle","0","0.0","0","0","0.0","0.1","u","Forward","4.3"
"Fabbrini","Watford","0","0.0","0","0","0.0","0.0","u","Midfielder","4.5"
"Markovic","Liverpool","0","0.0","0","0","0.0","0.0","u","Midfielder","5.8"
"Samaras","West Brom","0","0.0","","","0.0","0.2","u","Forward","4.4"
"Chamakh","Crystal Palace","9","0.9","0","0","0.0","0.1","i","Forward","4.7"
"Yacob","West Brom","53","2.0","100","100","0.5","0.1","a","Midfielder","4.4"
"Rooney","Man Utd","94","4.3","0","0","0.0","7.9","i","Forward","9.9"
"Welbeck","Arsenal","19","4.8","100","100","0.7","0.5","a","Forward","7.3"
"Bacuna","Aston Villa","50","2.1","100","100","0.3","0.2","a","Defender","4.7"
"Chambers","Arsenal","22","2.0","","","0.1","0.4","a","Defender","4.6"
"Simpson","Leicester","79","3.8","100","100","0.2","6.4","a","Defender","4.2"
"Alli","Spurs","132","4.7","100","100","0.6","31.4","a","Midfielder","6.1"
"Zouma","Chelsea","81","3.5","0","0","0.0","1.7","i","Defender","5.2"
"Wijnaldum","Newcastle","127","4.5","","","0.2","10.2","a","Midfielder","6.8"
"Kanté","Leicester","82","2.9","100","100","0.3","0.4","a","Midfielder","5.0"
"Obiang","West Ham","32","1.6","100","100","0.4","0.0","a","Midfielder","4.8"
"Ritchie","Bournemouth","101","3.5","100","100","1.1","2.7","a","Midfielder","5.4"
"Defoe","Sunderland","100","4.0","100","100","1.0","3.6","a","Forward","5.1"
"Gomis","Swansea","64","2.4","100","100","0.2","5.5","a","Forward","6.3"
"Valencia","West Ham","49","3.8","100","100","0.0","0.4","a","Forward","5.5"
"Tioté","Newcastle","19","1.5","100","100","0.0","0.2","a","Midfielder","4.4"
"Vydra","Watford","0","0.0","","","0.0","0.1","u","Forward","4.8"
"Ideye","West Brom","0","0.0","0","0","0.0","0.0","u","Forward","5.3"
"Oviedo","Everton","25","2.5","75","75","0.8","0.1","d","Midfielder","4.2"
"Hazard","Chelsea","66","2.5","100","75","0.3","11.6","d","Midfielder","10.8"
"Vlaar","Aston Villa","0","0.0","","","0.0","0.0","u","Defender","4.5"
"Dummett","Newcastle","46","2.7","0","0","0.2","0.1","i","Defender","4.2"
"Mayuka","Southampton","0","0.0","0","0","0.0","0.1","u","Forward","4.5"
"Trippier","Spurs","26","4.3","","","0.1","0.6","a","Defender","4.9"
"Tabanou","Swansea","0","0.0","0","0","0.0","0.0","u","Defender","4.4"
"Traoré","Aston Villa","14","1.6","0","0","0.0","0.0","i","Midfielder","5.3"
"Baker","Aston Villa","0","0.0","0","0","0.0","3.0","u","Defender","4.0"
"Browning","Everton","9","1.8","0","0","0.0","0.7","i","Defender","3.8"
"Ruddy","Norwich","49","2.6","","","0.7","1.0","a","Goalkeeper","4.1"
"Caulker","Liverpool","12","2.0","100","100","0.0","0.4","a","Defender","5.2"
"Gosling","Bournemouth","77","2.7","","","0.2","1.2","a","Midfielder","4.4"
"Shaw","Man Utd","27","5.4","0","0","0.0","2.4","i","Defender","5.3"
"Lloris","Spurs","112","3.9","100","100","0.6","7.8","a","Goalkeeper","5.2"
"Kermorgant","Bournemouth","7","1.0","0","0","0.0","0.0","u","Forward","4.4"
"Naismith","Norwich","50","3.1","75","75","0.2","1.6","d","Forward","5.0"
"Borini","Sunderland","48","2.7","100","100","0.6","0.1","a","Forward","5.4"
"Adam","Stoke","26","1.5","75","75","0.0","0.2","d","Midfielder","5.5"
"Schneiderlin","Man Utd","53","2.4","100","100","0.4","3.6","a","Midfielder","5.0"
"McAleny","Everton","0","0.0","0","0","0.0","0.1","u","Forward","4.4"
"Ramires","Chelsea","29","2.4","0","0","0.0","0.3","u","Midfielder","5.3"
"Jedinak","Crystal Palace","23","1.2","100","100","0.4","0.3","a","Midfielder","4.6"
"Tözsér","Watford","0","0.0","","","0.0","0.0","u","Midfielder","5.0"
"Tadic","Southampton","111","4.3","","","0.4","4.3","a","Midfielder","6.5"
"Cech","Arsenal","127","4.5","0","0","0.2","25.8","i","Goalkeeper","5.9"
"Horsfield","Man City","0","0.0","","","0.0","0.0","a","Midfielder","4.4"
"Okazaki","Leicester","65","2.4","100","100","0.3","0.6","a","Forward","5.6"
"Tuanzebe","Man Utd","0","0.0","","","0.0","0.0","a","Defender","4.0"
"Clichy","Man City","43","4.8","100","100","1.0","0.8","a","Defender","5.3"
"Carles Gil","Aston Villa","49","2.3","100","100","0.2","0.0","a","Midfielder","4.6"
"Haugaard","Stoke","0","0.0","","","0.0","0.1","a","Goalkeeper","4.4"
"King","Leicester","38","1.8","","","0.8","0.3","a","Midfielder","4.1"
"Lawrence","Leicester","0","0.0","0","0","0.0","0.0","u","Forward","4.4"
"Lukaku","Everton","165","5.9","100","100","0.7","33.8","a","Forward","8.7"
"Sturridge","Liverpool","25","4.2","100","100","0.2","1.1","a","Forward","9.9"
"Naughton","Swansea","55","2.5","100","100","0.1","0.6","a","Defender","4.5"
"Can","Liverpool","62","2.3","100","100","0.9","0.3","a","Midfielder","5.3"
"Reed","Southampton","1","1.0","","","0.0","0.1","a","Midfielder","4.2"
"Onomah","Spurs","7","1.0","","","0.0","0.0","a","Midfielder","4.3"
"de Gea","Man Utd","102","4.1","100","100","0.8","11.5","a","Goalkeeper","5.7"
"Mbemba","Newcastle","51","2.1","0","0","0.0","0.2","i","Defender","4.9"
"Richards","Aston Villa","49","2.3","100","100","0.0","3.2","a","Defender","4.3"
"Dann","Crystal Palace","110","3.9","100","100","0.2","20.0","a","Defender","5.8"
"Traore","Chelsea","20","5.0","","","0.8","0.0","a","Midfielder","5.4"
"Jarvis","Norwich","27","1.8","100","100","0.2","0.0","a","Midfielder","4.6"
"Akpom","Arsenal","0","0.0","0","0","0.0","0.0","u","Forward","5.0"
"Hammond","Leicester","0","0.0","0","0","0.0","0.0","u","Midfielder","4.3"
"Gamboa","West Brom","0","0.0","","","0.0","0.5","a","Defender","3.8"
"Tremmel","Swansea","0","0.0","0","0","0.0","0.0","u","Goalkeeper","4.0"
"Smalling","Man Utd","102","3.9","100","100","0.1","19.8","a","Defender","6.5"
"Roberts","West Brom","0","0.0","","","0.0","0.0","a","Forward","4.5"
"Kaboul","Sunderland","35","2.3","100","100","0.2","0.2","a","Defender","4.2"
"Maddison","Leicester","0","0.0","","","0.0","0.1","a","Goalkeeper","3.9"
"Unavailable","Leicester","0","0.0","","","0.0","0.0","u","Defender","5.0"
"Denayer","Man City","0","0.0","0","0","0.0","0.0","u","Defender","4.3"
"Davis","Southampton","79","2.9","100","100","0.5","0.3","a","Midfielder","4.8"
"Weir","Man Utd","1","1.0","","","0.1","0.0","a","Midfielder","4.5"
"Seager","Southampton","0","0.0","0","0","0.0","0.0","n","Forward","4.5"
"Zaha","Crystal Palace","75","2.7","100","100","0.4","1.8","a","Midfielder","5.3"
"Walcott","Arsenal","74","3.4","100","100","0.3","1.4","a","Midfielder","8.0"
"Arteta","Arsenal","6","0.8","100","100","0.0","0.1","a","Midfielder","4.7"
"Howson","Norwich","86","2.9","","","0.4","0.3","a","Midfielder","4.9"
"Distin","Bournemouth","17","1.4","100","100","0.1","0.4","a","Defender","4.0"
"Chamberlain","Arsenal","44","2.0","0","0","0.1","1.6","i","Midfielder","5.5"
"Capoue","Watford","66","2.3","100","100","0.4","0.2","a","Midfielder","4.8"
"Hoolahan","Norwich","101","4.2","100","100","0.5","3.7","a","Midfielder","4.7"
"Good","Newcastle","0","0.0","0","0","0.0","0.0","u","Defender","4.0"
"Holgate","Everton","0","0.0","","","0.0","0.0","a","Defender","4.0"
"Agüero","Man City","123","5.6","100","100","0.3","34.9","a","Forward","13.6"
"Dawson","West Brom","101","3.5","75","75","0.5","3.7","d","Defender","5.1"
"O'Brien","West Ham","0","0.0","100","100","0.0","0.0","a","Defender","4.4"
"Funes Mori","Everton","76","3.5","100","100","1.4","0.6","a","Defender","5.5"
"Jagielka","Everton","53","3.1","100","100","0.3","6.6","a","Defender","5.1"
"Monreal","Arsenal","105","3.8","","","0.2","10.9","a","Defender","5.9"
"Hesketh","Southampton","0","0.0","","","0.0","0.0","a","Midfielder","4.7"
"Pudil","Watford","0","0.0","","","0.0","0.2","u","Defender","4.0"
"Cissé","Newcastle","29","2.2","75","75","0.0","1.0","d","Forward","6.2"
"van Persie","Man Utd","0","0.0","","","0.0","0.0","u","Forward","9.5"
"Eder","Swansea","15","1.2","0","0","0.0","0.1","u","Forward","5.0"
"Obertan","Newcastle","11","2.2","0","0","0.0","0.3","i","Midfielder","4.2"
"Loftus-Cheek","Chelsea","6","1.0","","","0.1","0.0","a","Midfielder","4.6"
"Redmond","Norwich","86","3.1","100","75","0.7","2.8","d","Midfielder","5.0"
"Richardson","Aston Villa","9","1.0","100","100","0.0","0.2","a","Defender","4.1"
"Wilshere","Arsenal","0","0.0","0","0","0.0","0.2","i","Midfielder","5.8"
"Fabianski","Swansea","100","3.3","","","1.1","6.2","a","Goalkeeper","4.7"
"Lyden","Aston Villa","1","1.0","","","0.0","0.0","a","Midfielder","4.5"
"Rosicky","Arsenal","0","0.0","0","0","0.0","0.0","i","Midfielder","4.9"
"Angella","Watford","0","0.0","0","0","0.0","0.0","u","Defender","4.3"
"Pieters","Stoke","89","3.0","75","100","0.5","2.2","a","Defender","5.0"
"Moore","Leicester","0","0.0","100","100","0.0","0.3","a","Defender","3.8"
"Begovic","Chelsea","42","3.5","","","0.0","0.8","a","Goalkeeper","4.7"
"Krul","Newcastle","23","2.9","0","0","0.0","2.7","i","Goalkeeper","4.3"
"Maffeo","Man City","0","0.0","0","0","0.0","0.0","u","Defender","4.0"
"Cresswell","West Ham","109","3.9","100","100","0.8","11.5","a","Defender","5.7"
"Gnabry","Arsenal","1","1.0","100","100","0.0","0.1","a","Midfielder","4.5"
"Agbonlahor","Aston Villa","36","2.6","100","75","0.3","0.8","d","Forward","4.7"
"Zelalem","Arsenal","0","0.0","0","0","0.0","0.0","u","Midfielder","4.8"
"Jerome","Norwich","64","2.2","100","100","0.3","0.6","a","Forward","4.5"
"Mbokani","Norwich","54","2.5","100","100","0.2","0.0","a","Forward","5.2"
"Grealish","Aston Villa","24","2.0","0","0","0.0","0.1","i","Midfielder","5.2"
"Clark","Aston Villa","17","1.3","100","100","0.0","0.3","a","Defender","4.3"
"Kelly","Crystal Palace","27","2.7","","","0.2","0.3","a","Defender","4.1"
"Tomkins","West Ham","67","3.0","0","0","0.0","0.3","i","Defender","4.9"
"Gardos","Southampton","0","0.0","0","0","0.0","0.0","i","Defender","4.4"
"Sinclair","Liverpool","0","0.0","","","0.0","0.0","a","Forward","4.5"
"Nordfeldt","Swansea","0","0.0","","","0.0","0.1","a","Goalkeeper","4.2"
"MacDonald","Bournemouth","2","1.0","100","100","0.0","0.0","a","Midfielder","4.2"
"de Jong","Newcastle","20","1.4","100","100","0.0","0.1","a","Midfielder","6.0"
"Lindegaard","West Brom","0","0.0","100","100","0.0","0.1","u","Goalkeeper","4.3"
"Cazorla","Arsenal","41","2.9","0","0","0.0","3.7","i","Midfielder","7.9"
"Stekelenburg","Southampton","57","3.4","100","100","0.0","0.8","a","Goalkeeper","4.9"
"Pienaar","Everton","4","1.3","100","100","0.0","0.0","a","Midfielder","4.8"
"Fulton","Liverpool","0","0.0","0","0","0.0","0.0","u","Goalkeeper","4.0"
"Bellerín","Arsenal","114","4.2","100","100","0.5","21.2","a","Defender","6.2"
"Britos","Watford","47","2.8","75","75","0.5","0.0","d","Defender","4.5"
"Lens","Sunderland","43","2.4","0","0","0.0","0.2","i","Midfielder","6.0"
"Delaney","Crystal Palace","68","3.0","100","100","0.5","1.8","a","Defender","4.3"
"Balotelli","Liverpool","0","0.0","0","0","0.0","0.2","u","Forward","6.9"
"Manu García","Man City","1","1.0","","","0.1","0.0","a","Midfielder","4.5"
"Ramírez","Southampton","6","2.0","0","0","0.0","0.0","u","Midfielder","5.2"
"Ulloa","Leicester","46","2.2","100","100","0.3","0.6","a","Forward","5.2"
"Lamela","Spurs","84","3.1","100","100","0.4","1.0","a","Midfielder","6.8"
"Townsend","Newcastle","15","2.5","75","75","0.0","0.2","d","Midfielder","5.8"
"Filipe Luis","Chelsea","0","0.0","","","0.0","0.0","u","Defender","5.5"
"Costa","Chelsea","114","4.8","75","0","0.4","7.8","s","Forward","10.7"
"Schweinsteiger","Man Utd","42","2.5","100","100","0.0","1.6","a","Midfielder","6.6"
"Janmaat","Newcastle","62","2.3","100","100","0.2","2.1","a","Defender","4.8"
"Rojo","Man Utd","40","4.4","100","100","0.6","0.4","a","Defender","5.0"
"Ospina","Arsenal","6","6.0","100","100","0.3","0.5","a","Goalkeeper","4.7"
"Ilori","Liverpool","0","0.0","100","100","0.0","0.0","a","Defender","4.4"
"Otamendi","Man City","82","3.6","","","0.5","1.4","a","Defender","6.5"
"Teixeira","Liverpool","1","1.0","","","0.0","0.0","a","Midfielder","4.5"
"Brunt","West Brom","53","2.4","0","0","0.1","0.7","i","Midfielder","5.1"
"Kozák","Aston Villa","7","1.8","0","0","0.0","0.0","i","Forward","4.4"
"Rafael","Man Utd","0","0.0","","","0.0","0.0","u","Defender","5.0"
"Schlupp","Leicester","29","1.7","100","100","0.1","0.6","a","Defender","4.7"
"Nathan","Chelsea","0","0.0","0","0","0.0","0.0","u","Midfielder","5.0"
"Christensen","Chelsea","0","0.0","0","0","0.0","0.0","u","Defender","4.5"
"Martial","Man Utd","99","4.3","100","100","0.3","7.0","a","Forward","7.6"
"Pantilimon","Watford","56","3.3","","","0.0","0.6","a","Goalkeeper","4.6"
"Davis K","Southampton","2","2.0","","","0.0","0.1","a","Goalkeeper","4.1"
"Gómez","Sunderland","11","1.8","0","0","0.0","0.0","u","Midfielder","4.8"
"Brady","Norwich","85","3.0","75","75","0.3","0.3","d","Midfielder","5.4"
"Lennon","Everton","64","4.0","75","100","1.6","0.6","a","Midfielder","5.6"
"Sissoko","Newcastle","73","2.7","100","100","0.2","1.0","a","Midfielder","5.6"
"Wilson","Stoke","4","1.0","0","0","0.0","0.0","i","Defender","4.4"
"Amat","Swansea","11","2.2","100","100","0.1","0.0","a","Defender","4.4"
"Chadli","Spurs","57","2.7","100","100","0.3","1.9","a","Midfielder","6.6"
"Wanyama","Southampton","41","1.9","0","100","0.0","4.7","a","Midfielder","4.2"
"Cullen","West Ham","1","1.0","0","0","0.0","0.0","n","Midfielder","4.4"
"Britton","Swansea","33","1.7","","","0.2","0.0","a","Midfielder","4.2"
"Blind","Man Utd","75","2.8","","","0.4","1.1","a","Midfielder","5.2"
"Stambouli","Spurs","0","0.0","","","0.0","0.0","u","Midfielder","4.5"
"Isgrove","Southampton","0","0.0","0","0","0.0","0.0","u","Midfielder","4.5"
"Dembélé","Spurs","71","3.1","100","100","0.4","0.4","a","Midfielder","5.1"
"Ward-Prowse","Southampton","74","2.7","","","0.2","0.4","a","Midfielder","5.5"
"Chilwell","Leicester","0","0.0","100","100","0.0","0.0","a","Defender","4.0"
"Westwood","Aston Villa","49","2.0","100","100","0.4","0.9","a","Midfielder","4.2"
"Nyom","Watford","84","3.0","100","100","0.3","4.4","a","Defender","4.5"
"Schwarzer","Leicester","0","0.0","100","100","0.0","7.4","a","Goalkeeper","3.8"
"Bolasie","Crystal Palace","69","3.6","100","100","0.5","3.0","a","Midfielder","6.0"
"Payet","West Ham","130","5.9","100","100","0.9","25.2","a","Midfielder","8.2"
"Huth","Leicester","105","3.8","100","100","0.6","14.0","a","Defender","4.8"
"Ameobi","Newcastle","0","0.0","","","0.0","0.0","u","Midfielder","5.0"
"Wisdom","Norwich","16","2.3","100","100","0.0","0.4","a","Defender","4.2"
"Given","Stoke","0","0.0","0","0","0.0","0.5","i","Goalkeeper","4.3"
"Stones","Everton","58","2.5","100","100","0.2","4.4","a","Defender","5.4"
"Wimmer","Spurs","25","3.1","","","0.5","0.6","a","Defender","4.6"
"Amelia","Chelsea","0","0.0","","","0.0","0.0","a","Goalkeeper","4.5"
"Croll","Crystal Palace","0","0.0","100","100","0.0","0.0","a","Defender","4.0"
"Blackman","Chelsea","0","0.0","","","0.0","0.0","a","Goalkeeper","4.5"
"Henry","West Ham","0","0.0","100","100","0.0","0.0","a","Defender","4.0"
"Skrtel","Liverpool","53","3.1","100","100","0.0","4.7","a","Defender","5.3"
"Souaré","Crystal Palace","60","2.4","100","100","0.1","1.0","a","Defender","4.2"
"Afellay","Stoke","68","2.5","100","100","0.7","0.5","a","Midfielder","5.1"
"Boruc","Bournemouth","88","3.5","100","100","0.8","1.7","a","Goalkeeper","4.5"
"Bridcutt","Sunderland","0","0.0","0","0","0.0","0.0","u","Midfielder","4.3"
"Wasilewski","Leicester","-1","-0.5","","","-0.1","0.1","a","Defender","4.0"
"Fellaini","Man Utd","38","2.5","100","100","0.0","0.1","a","Midfielder","6.2"
"Martin","Norwich","59","2.4","100","100","0.7","2.3","a","Defender","4.2"
"Rantie","Bournemouth","3","1.0","75","75","0.0","0.2","u","Forward","4.1"
"Roberge","Sunderland","0","0.0","","","0.0","0.1","a","Defender","4.0"
"Rangel","Swansea","38","2.5","100","100","0.5","0.4","a","Defender","4.1"
"Arter","Bournemouth","38","2.1","50","50","0.3","0.0","d","Midfielder","4.7"
"Rashford","Man Utd","20","6.7","","","1.5","2.8","a","Forward","4.6"
"Abeid","Newcastle","0","0.0","0","0","0.0","0.0","u","Midfielder","4.5"
"Bassong","Norwich","50","1.9","75","100","0.0","0.4","a","Defender","4.2"
"Silva","Man City","87","4.1","100","100","0.4","7.3","a","Midfielder","9.9"
"Ward","Crystal Palace","67","3.0","100","100","0.2","4.4","a","Defender","4.3"
"Goss","Man Utd","0","0.0","","","0.0","0.0","a","Midfielder","4.5"
"Mutch","Crystal Palace","22","1.3","100","100","0.4","0.4","a","Midfielder","4.1"
"Okore","Aston Villa","29","2.4","100","100","0.0","0.0","a","Defender","4.4"
"Arlauskis","Watford","1","1.0","0","0","0.0","0.0","u","Goalkeeper","4.4"
"Foster","West Brom","32","4.6","100","100","0.8","0.3","a","Goalkeeper","4.9"
"Bogdan","Liverpool","1","1.0","","","0.0","0.1","a","Goalkeeper","4.3"
"Kenedy","Chelsea","18","2.0","100","100","0.6","0.0","a","Forward","5.2"
"McAuley","West Brom","80","3.2","100","100","0.6","0.4","a","Defender","4.9"
"van Aanholt","Sunderland","85","3.4","","","0.4","2.6","a","Defender","4.7"
"Debuchy","Arsenal","3","1.5","0","0","0.0","0.3","u","Defender","5.1"
"Antonio","West Ham","93","5.5","","","1.7","3.5","a","Midfielder","5.4"
"Koné","Everton","73","3.2","","","0.0","3.8","a","Forward","4.4"
"Paredes","Watford","26","2.0","100","100","0.5","0.0","a","Defender","4.2"
"Cook","Bournemouth","95","3.4","100","100","1.8","1.8","a","Defender","4.3"
"van Wolfswinkel","Norwich","0","0.0","","","0.0","0.1","u","Forward","4.7"
"Albrighton","Leicester","93","3.2","","","0.3","5.5","a","Midfielder","4.9"
"Iheanacho","Man City","41","2.0","100","100","0.4","0.2","a","Forward","4.8"
"Gueye","Aston Villa","55","2.0","100","100","0.3","0.1","a","Midfielder","4.6"
"Odemwingie","Stoke","5","1.0","0","0","0.0","0.0","n","Midfielder","4.7"
"M'Vila","Sunderland","84","3.0","100","100","0.4","0.4","a","Midfielder","4.8"
"Arnautovic","Stoke","137","5.1","100","100","1.1","17.1","a","Midfielder","6.5"
"Gazzaniga","Southampton","5","2.5","","","0.0","0.0","a","Goalkeeper","4.5"
"Olsson","West Brom","63","2.9","100","100","0.7","0.5","a","Defender","4.3"
"Bigirimana","Newcastle","0","0.0","0","0","0.0","0.0","u","Midfielder","4.5"
"Sigurdsson","Swansea","124","4.1","","","0.9","8.1","a","Midfielder","7.2"
"Aké","Watford","64","3.4","100","100","0.5","0.4","a","Defender","4.4"
"Courtois","Chelsea","57","3.2","100","100","0.4","6.8","a","Goalkeeper","5.2"
"Grabban","Bournemouth","18","1.4","100","100","0.1","0.2","a","Forward","4.2"
"Toney","Newcastle","2","1.0","0","0","0.0","0.0","i","Forward","4.2"
"Allen","Liverpool","16","1.6","100","100","0.1","0.0","a","Midfielder","4.9"
"Nasri","Man City","15","2.1","0","0","0.0","0.4","i","Midfielder","6.8"
"Downing","West Ham","0","0.0","","","0.0","0.1","u","Midfielder","6.0"
"Januzaj","Man Utd","10","2.5","100","100","0.0","0.2","a","Midfielder","5.5"
"N'Zogbia","Aston Villa","2","1.0","","","0.0","0.1","a","Midfielder","4.5"
"Touré","Liverpool","28","2.8","100","100","1.6","0.5","a","Defender","4.4"
"Gabriel","Arsenal","58","4.1","100","100","0.2","0.8","a","Defender","4.3"
"Forestieri","Watford","0","0.0","0","0","0.0","0.1","u","Forward","4.4"
"Mignolet","Liverpool","86","3.2","100","100","1.0","5.2","a","Goalkeeper","4.9"
"Garbutt","Everton","0","0.0","0","0","0.0","0.0","u","Defender","4.5"
"Smith","Liverpool","1","1.0","100","100","0.0","0.0","a","Defender","4.0"
"Long","Southampton","71","3.4","100","100","0.5","0.9","a","Forward","5.7"
"Gibson","Everton","4","1.0","75","75","0.0","0.0","d","Midfielder","4.4"
"Oscar","Chelsea","61","2.8","100","100","0.1","1.1","a","Midfielder","8.0"
"Mulumbu","Norwich","11","1.6","100","100","0.0","0.0","a","Midfielder","4.3"
"Elliot","Newcastle","61","3.2","100","100","0.3","3.1","a","Goalkeeper","4.0"
"Barkley","Everton","138","4.9","","","0.2","31.2","a","Midfielder","7.1"
"Diouf","Stoke","56","2.8","100","100","0.6","1.4","a","Forward","6.2"
"Deeney","Watford","122","4.2","","","0.4","4.4","a","Forward","5.2"
"Benalouane","Leicester","3","0.8","0","0","0.0","0.0","u","Defender","4.2"
"N'Zonzi","Stoke","0","0.0","","","0.0","0.0","u","Midfielder","5.0"
"Walker","Spurs","93","3.7","100","100","0.5","3.4","a","Defender","5.1"
"Sakho","West Ham","52","3.7","100","100","0.5","1.3","a","Forward","6.2"
"Brannagan","Liverpool","0","0.0","100","100","0.0","0.0","a","Midfielder","4.5"
"Valdés","Man Utd","0","0.0","0","0","0.0","0.1","u","Goalkeeper","4.7"
"Bertrand","Southampton","84","3.5","100","100","0.2","2.3","a","Defender","5.3"
"Darlow","Newcastle","3","3.0","100","100","0.0","0.6","a","Goalkeeper","3.9"
"Deulofeu","Everton","74","3.4","100","100","0.0","1.1","a","Midfielder","5.7"
"Mertesacker","Arsenal","57","2.7","100","100","0.2","5.0","a","Defender","5.2"
"Fonte","Southampton","109","3.8","0","100","0.1","15.8","a","Defender","5.5"
"Koscielny","Arsenal","104","4.3","25","25","0.0","11.4","d","Defender","6.2"
"Kompany","Man City","75","5.8","100","100","0.6","15.2","a","Defender","6.3"
"de Laet","Leicester","22","1.8","0","0","0.0","0.2","u","Defender","4.5"
"Guédioura","Watford","10","1.0","100","100","0.0","0.0","a","Midfielder","4.2"
"Gray","Leicester","6","1.0","","","0.1","0.0","a","Midfielder","4.4"
"Dier","Spurs","104","3.6","75","100","0.4","11.7","a","Defender","5.4"
"Alderweireld","Spurs","133","4.4","","","0.6","44.1","a","Defender","6.5"
"Eriksen","Spurs","132","4.9","100","100","0.4","12.9","a","Midfielder","8.7"
"McArthur","Crystal Palace","66","2.8","0","0","0.0","0.2","i","Midfielder","4.9"
"Steven Taylor","Newcastle","15","2.5","100","100","0.1","2.7","a","Defender","3.8"
"Moses","West Ham","40","2.5","100","0","0.1","0.1","n","Midfielder","4.9"
"Mariappa","Crystal Palace","2","2.0","","","0.0","2.4","a","Defender","3.7"
"Routledge","Swansea","41","2.0","100","100","0.5","0.1","a","Midfielder","5.1"
"McCarthy","Crystal Palace","20","2.9","","","0.2","8.6","a","Goalkeeper","3.8"
"Coates","Sunderland","24","1.5","0","0","0.0","0.1","u","Defender","4.2"
"Vertonghen","Spurs","72","3.1","0","0","0.0","2.2","i","Defender","5.4"
"Elia","Southampton","0","0.0","","","0.0","0.0","u","Midfielder","6.0"
"Murray","Watford","0","0.0","100","100","0.0","0.0","a","Midfielder","4.4"
"Hutton","Aston Villa","24","1.1","100","100","0.1","0.3","a","Defender","4.1"
"Iturbe","Bournemouth","2","1.0","100","100","0.0","0.0","a","Midfielder","4.9"
"Rose","West Brom","0","0.0","","","0.0","0.2","a","Goalkeeper","3.9"
"Bentaleb","Spurs","6","1.2","100","100","0.0","0.4","a","Midfielder","4.2"
"Blackett","Man Utd","0","0.0","0","0","0.0","0.0","u","Defender","4.4"
"Mings","Bournemouth","1","1.0","0","0","0.0","0.3","i","Defender","4.1"
"Firmino","Liverpool","129","5.2","100","100","1.1","15.2","a","Midfielder","8.2"
"Sagna","Man City","111","4.6","100","100","0.5","16.9","a","Defender","5.7"
"Adebayor","Crystal Palace","13","2.2","100","100","0.2","0.3","a","Forward","5.7"
"Gomes","Watford","123","4.2","100","100","0.8","9.1","a","Goalkeeper","4.9"
"Shawcross","Stoke","45","3.2","75","75","0.1","0.5","d","Defender","4.8"
"Matic","Chelsea","59","2.1","100","100","0.7","3.1","a","Midfielder","4.6"
"Whelan","Stoke","63","2.1","100","100","0.5","0.2","a","Midfielder","4.3"
"Knockaert","Leicester","0","0.0","","","0.0","0.0","u","Midfielder","4.5"
"Coloccini","Newcastle","54","2.1","0","0","0.0","0.7","i","Defender","4.5"
"Bony","Man City","53","2.6","100","100","0.2","0.7","a","Forward","7.9"
"Hendrie","West Ham","0","0.0","100","100","0.0","0.0","a","Defender","4.0"
"Howard","Everton","83","3.6","100","100","0.0","4.4","a","Goalkeeper","4.9"
"Jovetic","Man City","0","0.0","0","0","0.0","0.0","u","Forward","7.0"
"Woodman","Newcastle","0","0.0","","","0.0","0.0","a","Goalkeeper","4.0"
"Lascelles","Newcastle","10","1.0","100","100","0.2","0.1","a","Defender","4.2"
"Djilobodji","Chelsea","0","0.0","0","0","0.0","0.0","u","Defender","4.8"
"Turner","Norwich","0","0.0","","","0.0","0.4","u","Defender","3.9"
"Di María","Man Utd","0","0.0","50","50","0.0","0.1","u","Midfielder","8.5"
"De Bruyne","Man City","105","5.5","0","0","0.0","4.5","i","Midfielder","10.3"
"Oxford","West Ham","10","1.7","100","100","0.2","4.1","a","Defender","3.7"
"Milner","Liverpool","98","4.3","0","0","1.0","3.1","s","Midfielder","6.5"
"Gomez","Liverpool","23","4.6","0","0","0.0","3.8","i","Defender","4.2"
"Hoban","Watford","0","0.0","0","0","0.0","0.3","i","Defender","3.8"
"Barrow","Swansea","34","1.9","100","75","0.8","0.1","d","Forward","4.3"
"Haidara","Newcastle","17","2.4","0","0","0.0","0.2","i","Defender","4.2"
"Mirallas","Everton","34","2.3","0","0","0.7","0.3","s","Midfielder","6.7"
"Allsop","Bournemouth","1","1.0","0","0","0.0","0.0","u","Goalkeeper","4.4"
"Coutinho","Liverpool","98","5.2","100","100","0.7","10.2","a","Midfielder","8.0"
"Vergini","Sunderland","0","0.0","","","0.0","0.0","u","Defender","4.5"
"Anichebe","West Brom","11","1.4","100","100","0.1","0.1","a","Forward","4.5"
"Samuelsen","West Ham","0","0.0","0","0","0.0","0.1","u","Midfielder","4.4"
"Matthews","Sunderland","1","1.0","0","0","0.0","0.1","n","Defender","4.2"
"Ramsey","Arsenal","99","4.0","0","0","0.4","2.8","i","Midfielder","7.9"
"Lanzini","West Ham","64","3.8","100","100","0.6","0.4","a","Midfielder","4.9"
"Johnson","Stoke","92","3.7","0","0","0.0","2.9","i","Defender","4.9"
"Pereira","Man Utd","3","0.8","100","100","0.0","0.0","a","Midfielder","4.5"
"Toivonen","Sunderland","24","2.0","100","100","0.0","0.0","a","Midfielder","6.1"
"Borthwick-Jackson","Man Utd","24","3.0","75","75","0.0","1.0","d","Defender","3.9"
"Speroni","Crystal Palace","0","0.0","100","100","0.0","0.7","a","Goalkeeper","4.2"
"Mahrez","Leicester","204","7.3","100","100","0.6","68.4","a","Midfielder","7.4"
"van Dijk","Southampton","117","4.5","100","100","0.6","9.9","a","Defender","5.7"
"Soldado","Spurs","0","0.0","0","0","0.0","0.0","u","Forward","5.9"
"Yedlin","Sunderland","34","2.4","100","100","0.6","0.1","a","Defender","4.4"
"Pinto","Norwich","6","1.2","","","0.3","0.0","a","Defender","4.2"
"Flamini","Arsenal","29","1.8","100","100","0.1","0.1","a","Midfielder","4.4"
"Hibbert","Everton","0","0.0","100","100","0.0","0.1","a","Defender","3.9"
"Williams","Swansea","104","3.5","","","1.0","9.9","a","Defender","4.9"
"Afobe","Bournemouth","41","4.1","100","100","0.5","1.9","a","Forward","6.2"
"Randall","Liverpool","0","0.0","100","100","0.0","0.0","a","Defender","4.0"
"Gibbs","Arsenal","25","1.8","100","100","0.1","0.5","a","Defender","5.1"
"Gestede","Aston Villa","66","2.5","100","100","0.4","0.4","a","Forward","5.5"
"Rodriguez","Southampton","10","1.3","0","0","0.0","0.4","i","Forward","6.4"
"Bunn","Aston Villa","33","4.7","","","0.1","0.2","a","Goalkeeper","4.3"
"Wollscheid","Stoke","87","3.5","100","100","0.8","4.7","a","Defender","4.5"
"Fernandinho","Man City","72","2.8","100","100","0.4","1.7","a","Midfielder","5.6"
"Origi","Liverpool","24","2.2","100","100","0.6","0.2","a","Forward","5.4"
"Lambert","West Brom","30","1.7","","","0.0","0.5","a","Forward","5.3"
"Cole","Aston Villa","0","0.0","0","0","0.0","0.0","u","Midfielder","4.7"
"Chiriches","Spurs","0","0.0","","","0.0","0.0","u","Defender","4.4"
"Sanogo","Arsenal","0","0.0","0","0","0.0","0.0","u","Forward","5.0"
"Tettey","Norwich","53","2.3","0","0","0.2","0.2","i","Midfielder","4.1"
"Depay","Man Utd","53","2.3","100","100","0.3","5.5","a","Midfielder","7.8"
"Elliott Bennett","Norwich","0","0.0","0","0","0.0","0.0","u","Midfielder","4.2"
"Lee Chung-yong","Crystal Palace","20","1.8","100","100","0.0","0.1","a","Midfielder","4.3"
"Noble","West Ham","90","3.2","100","100","0.7","0.6","a","Midfielder","5.4"
"Berghuis","Watford","5","1.0","100","100","0.0","0.0","a","Midfielder","5.5"
"Buckley","Sunderland","0","0.0","0","0","0.0","0.0","u","Midfielder","4.7"
"Forster","Southampton","48","4.8","100","100","0.3","5.1","a","Goalkeeper","5.1"
"Butcher","Bournemouth","0","0.0","0","0","0.0","0.0","n","Forward","4.5"
"Campbell","Arsenal","48","3.0","100","100","0.5","0.1","a","Forward","5.0"
"Mbabu","Newcastle","2","0.7","100","100","0.0","0.0","a","Defender","4.1"
"Chester","West Brom","14","1.8","100","100","0.4","0.1","a","Defender","4.5"
"Mason","Spurs","28","2.0","100","100","0.2","0.1","a","Midfielder","4.9"
"Kramaric","Leicester","2","1.0","0","0","0.0","0.0","u","Forward","5.4"
"Butland","Stoke","129","4.3","","","0.8","25.8","a","Goalkeeper","5.3"
"Willian","Chelsea","116","4.1","100","100","0.4","10.4","a","Midfielder","7.1"
"Atsu","Chelsea","0","0.0","0","0","0.0","0.0","u","Midfielder","5.0"
"Moreno","Liverpool","65","2.5","","","0.5","3.0","a","Defender","4.6"
"Walters","Stoke","71","3.1","100","100","0.3","0.7","a","Midfielder","5.6"
"Cork","Swansea","55","2.0","","","0.9","0.1","a","Midfielder","4.6"
"Rondón","West Brom","90","3.6","100","100","1.0","1.0","a","Forward","6.5"
"Pritchard","West Brom","2","1.0","100","100","0.0","0.0","a","Midfielder","4.6"
"Varela","Man Utd","8","2.0","100","100","0.5","0.2","a","Defender","4.2"
"Özil","Arsenal","171","6.3","100","100","0.6","45.6","a","Midfielder","9.8"
"Elphick","Bournemouth","8","1.6","100","100","0.0","0.1","a","Defender","4.2"
"Remy","Chelsea","21","1.9","100","100","0.0","0.4","a","Forward","7.1"
"Lovren","Liverpool","58","3.2","100","100","0.6","0.8","a","Defender","4.8"
"Ryan Bennett","Norwich","39","2.3","","","0.4","1.5","a","Defender","3.9"
"Thauvin","Newcastle","15","1.2","0","0","0.0","0.0","u","Midfielder","5.6"
"Cuadrado","Chelsea","1","1.0","0","0","0.0","0.1","u","Midfielder","7.4"
"McNair","Man Utd","9","1.1","100","100","0.1","0.0","a","Defender","4.5"
"Aarons","Newcastle","11","1.4","100","100","0.1","0.1","a","Midfielder","4.5"
"Shaqiri","Stoke","86","3.7","100","75","0.7","2.4","d","Midfielder","6.5"
"Manquillo","Liverpool","0","0.0","","","0.0","0.0","u","Defender","4.5"
"Colback","Newcastle","35","1.7","100","100","0.3","0.6","a","Midfielder","5.2"
"Macey","Arsenal","0","0.0","","","0.0","0.0","a","Goalkeeper","4.0"
"Fernández","Swansea","70","2.8","100","100","0.4","0.3","a","Defender","4.8"
"Emnes","Swansea","2","1.0","","","0.1","0.4","a","Forward","4.1"
"Moha","Stoke","0","0.0","","","0.0","0.1","a","Midfielder","4.2"
"Caballero","Man City","5","2.5","","","0.0","0.1","a","Goalkeeper","4.8"
"Schmeichel","Leicester","107","3.7","","","0.8","11.4","a","Goalkeeper","4.7"
"Amalfitano","West Ham","0","0.0","0","0","0.0","0.0","u","Midfielder","4.6"
"Pugh","Bournemouth","50","2.6","100","100","0.3","0.1","a","Midfielder","4.6"
"Flanagan","Liverpool","8","4.0","100","100","0.6","0.1","a","Defender","4.4"
"Fernando","Man City","30","1.8","100","100","0.4","0.1","a","Midfielder","4.9"
"Beadling","Sunderland","0","0.0","","","0.0","0.0","a","Defender","4.0"
"Federici","Bournemouth","7","1.4","100","100","0.0","0.1","a","Goalkeeper","4.3"
"McManaman","West Brom","18","1.6","75","75","0.0","0.0","d","Midfielder","4.3"
"Francis","Bournemouth","75","2.5","","","1.1","1.9","a","Defender","4.1"
"Dzeko","Man City","0","0.0","0","0","0.0","0.4","u","Forward","7.5"
"Graham","Sunderland","15","1.5","0","0","0.0","0.8","u","Forward","4.1"
"Cissokho","Aston Villa","27","2.5","","","0.1","0.2","a","Defender","4.5"
"Herrera","Man Utd","65","3.1","100","100","0.6","0.9","a","Midfielder","6.5"
"Doyley","Watford","0","0.0","0","0","0.0","0.1","u","Defender","4.0"
"Inler","Leicester","8","1.6","","","0.0","0.0","a","Midfielder","4.3"
"Djuricic","Southampton","0","0.0","","","0.0","0.0","u","Midfielder","5.5"
"Jenkinson","Arsenal","28","1.4","0","0","0.0","0.3","i","Defender","4.8"
"Clasie","Southampton","34","2.3","100","100","0.3","0.1","a","Midfielder","5.2"
"Collins","West Ham","51","2.8","0","0","0.9","0.3","i","Defender","4.3"
"Stanislas","Bournemouth","59","3.5","0","0","0.1","0.6","i","Midfielder","4.0"
"Nolan","West Ham","2","1.0","0","0","0.0","0.1","u","Midfielder","5.4"
"Lucas","Swansea","0","0.0","","","0.0","0.0","a","Midfielder","4.5"
"Darmian","Man Utd","76","3.3","100","100","0.2","6.6","a","Defender","5.4"
"Song","West Ham","23","1.9","100","100","0.1","0.0","a","Midfielder","4.9"
"Rivière","Newcastle","3","1.0","100","100","0.1","0.0","a","Forward","5.4"
"Evans","Man City","0","0.0","0","0","0.0","0.0","n","Midfielder","4.5"
"Hooiveld","Norwich","0","0.0","","","0.0","0.0","u","Defender","4.0"
"Henderson","Liverpool","54","3.6","100","100","0.5","3.7","a","Midfielder","6.5"
"Lallana","Liverpool","84","3.7","100","100","0.7","0.6","a","Midfielder","7.3"
"Ekstrand","Watford","0","0.0","50","50","0.0","0.0","d","Defender","3.9"
"Gradel","Bournemouth","36","4.5","100","100","0.9","0.2","a","Midfielder","5.7"
"Muniesa","Stoke","19","1.9","100","100","0.5","0.3","a","Defender","4.2"
"Rudd","Norwich","29","2.6","","","0.0","3.5","a","Goalkeeper","3.9"
"McGugan","Watford","0","0.0","","","0.0","0.0","u","Midfielder","4.5"
"Wickham","Crystal Palace","61","4.1","0","0","1.6","0.4","i","Forward","5.5"
"Coleman","Everton","79","3.4","100","100","0.6","6.7","a","Defender","5.8"
"Knoyle","West Ham","0","0.0","","","0.0","0.0","u","Defender","4.0"
"Nugent","Leicester","0","0.0","0","0","0.0","0.1","u","Forward","5.5"
"O'Shea","Sunderland","38","1.7","100","100","0.3","3.0","a","Defender","4.3"
"Barry","Everton","66","2.4","100","0","0.4","2.0","s","Midfielder","4.2"
"Osman","Everton","8","1.3","","","0.0","0.1","a","Midfielder","4.4"
"Cabaye","Crystal Palace","92","3.5","75","100","0.3","6.3","a","Midfielder","6.4"
"Son","Spurs","47","2.2","100","100","0.2","0.2","a","Forward","7.6"
"Behrami","Watford","32","1.9","100","100","0.3","0.3","a","Midfielder","4.2"
"Kean","Norwich","0","0.0","100","100","0.0","0.1","a","Goalkeeper","4.0"
"Ki Sung-yueng","Swansea","50","2.0","75","100","0.2","1.5","a","Midfielder","5.0"
"Belkalem","Watford","0","0.0","","","0.0","0.0","u","Defender","4.0"
"Demichelis","Man City","28","1.6","100","100","0.0","0.1","a","Defender","5.3"
"Ivanovic","Chelsea","98","3.9","100","100","0.7","9.1","a","Defender","6.6"
"Abdi","Watford","56","2.2","100","100","0.4","0.0","a","Midfielder","4.7"
"Dyer","Watford","0","0.0","","","0.0","0.1","u","Midfielder","4.2"
"Bardsley","Stoke","8","2.0","0","0","0.4","0.3","i","Defender","4.2"
"Kouyaté","West Ham","83","3.3","100","100","0.5","2.0","a","Midfielder","5.2"
"Taylor","Swansea","80","2.8","","","0.4","1.0","a","Defender","4.7"
"Joselu","Stoke","40","2.5","","","0.1","0.0","a","Forward","5.5"
"Hooper","Norwich","2","1.0","0","0","0.0","0.4","u","Forward","4.2"
"Mata","Man Utd","107","3.7","","","0.5","7.9","a","Midfielder","8.1"
"Martina","Southampton","23","2.6","","","0.2","0.1","a","Defender","4.1"
"José Enrique","Liverpool","0","0.0","","","0.0","0.1","a","Defender","4.2"
"Kirchhoff","Sunderland","15","2.1","100","100","0.8","0.0","a","Defender","4.3"
"Sterry","Newcastle","0","0.0","","","0.0","0.0","a","Defender","4.0"
"Andreu","Norwich","0","0.0","100","100","0.0","0.1","a","Midfielder","4.2"
"Puncheon","Crystal Palace","60","2.5","100","100","0.0","1.9","a","Midfielder","5.5"
"Brown","Sunderland","5","0.8","100","100","0.0","0.1","a","Defender","4.2"
"Lafferty","Norwich","1","1.0","100","100","0.0","0.0","a","Forward","4.3"
"Barker","Man City","0","0.0","100","100","0.0","0.0","a","Midfielder","4.5"
"Rodwell","Sunderland","23","1.2","100","100","0.3","0.1","a","Midfielder","4.8"
"Grimes","Swansea","3","3.0","0","0","0.0","0.0","u","Midfielder","4.2"
"Bojan","Stoke","74","3.4","100","100","0.2","2.0","a","Forward","4.8"
"Ibe","Liverpool","37","1.8","100","100","0.1","0.7","a","Midfielder","4.4"
"Pellè","Southampton","94","3.9","100","100","0.6","7.3","a","Forward","7.8"
"Jelavic","West Ham","25","1.9","0","0","0.0","0.0","u","Forward","5.5"
"Marveaux","Newcastle","0","0.0","100","100","0.0","0.0","a","Midfielder","4.5"
"Powell","Man Utd","1","1.0","0","0","0.0","0.0","u","Midfielder","4.4"
"Spiegel","West Ham","0","0.0","","","0.0","0.1","a","Goalkeeper","3.9"
"Delph","Man City","30","2.5","0","0","0.0","0.1","i","Midfielder","5.4"
"Bond","Watford","0","0.0","","","0.0","0.0","u","Goalkeeper","4.0"
"Berahino","West Brom","60","2.5","100","100","0.6","4.3","a","Forward","5.8"
"Adelaide","Arsenal","0","0.0","","","0.0","0.0","a","Midfielder","4.8"
"Drinkwater","Leicester","93","3.4","100","100","0.7","2.3","a","Midfielder","4.6"
"Baines","Everton","29","3.2","100","100","0.1","2.7","a","Defender","6.0"
"Gayle","Crystal Palace","11","1.2","100","100","0.1","0.3","a","Forward","5.1"
"Pedro","Chelsea","81","3.9","100","100","0.0","2.0","a","Midfielder","8.8"
"Watson","Watford","65","2.3","","","0.5","0.2","a","Midfielder","4.3"
"Solanke","Chelsea","0","0.0","0","0","0.0","0.0","u","Forward","5.0"
"Lee","West Ham","0","0.0","0","0","0.0","0.1","u","Forward","4.3"
"Vorm","Spurs","2","2.0","","","0.0","0.5","a","Goalkeeper","4.2"
"Crespo","Aston Villa","2","2.0","0","0","0.0","0.0","u","Defender","4.4"
"Pocognoli","West Brom","4","4.0","","","0.3","0.0","a","Defender","4.1"
"Davies","Spurs","51","3.4","","","0.1","0.6","a","Defender","4.1"
"Mikel","Chelsea","30","1.8","","","0.4","0.2","a","Midfielder","4.2"
"Dodoo","Leicester","1","1.0","100","100","0.0","0.0","a","Forward","4.4"
"Oriol Romeu","Southampton","38","1.7","100","100","0.5","0.1","a","Midfielder","4.2"
"Myhill","West Brom","81","3.7","","","0.0","5.7","a","Goalkeeper","4.3"
"Cahill","Chelsea","40","2.4","100","100","0.3","4.3","a","Defender","6.1"
"Odjidja-Ofoe","Norwich","16","2.0","100","100","0.0","0.0","a","Midfielder","4.9"
"Giroud","Arsenal","114","3.9","","","0.3","8.6","a","Forward","8.8"
"Ayew","Aston Villa","60","2.7","100","100","0.2","0.4","a","Forward","5.4"
"Ogbonna","West Ham","64","3.4","100","100","1.1","0.7","a","Defender","4.9"
"Zárate","West Ham","41","2.7","100","100","0.0","0.7","u","Forward","5.3"
"Vardy","Leicester","172","5.9","100","100","0.4","54.9","a","Forward","7.9"
"Layún","Watford","9","3.0","","","0.0","0.2","u","Defender","4.5"
"Anya","Watford","45","2.0","100","100","0.2","0.4","a","Midfielder","4.1"
"Anita","Newcastle","37","1.9","100","100","0.2","0.1","a","Midfielder","4.2"
"Juanmi","Southampton","12","1.0","","","0.1","0.0","a","Forward","5.3"
"Bartley","Swansea","4","0.8","","","0.0","0.0","a","Defender","4.2"
"Amavi","Aston Villa","32","3.2","0","0","0.0","0.9","i","Defender","4.8"
"Reid","West Ham","45","3.0","75","75","0.0","0.5","d","Defender","4.8"
"Besic","Everton","9","1.3","100","100","0.1","0.0","a","Midfielder","4.4"
"Fàbregas","Chelsea","86","3.1","100","100","0.5","4.5","a","Midfielder","8.4"
"Sterling","Man City","91","3.4","100","100","0.3","7.9","a","Midfielder","8.6"
"Surman","Bournemouth","71","2.4","","","0.5","0.4","a","Midfielder","4.3"
"Gooch","Sunderland","0","0.0","0","0","0.0","0.0","n","Forward","4.4"
"Ibarbo","Watford","4","1.0","100","100","0.0","0.0","u","Forward","5.1"
"Fletcher","West Brom","84","2.9","100","100","0.8","1.3","a","Midfielder","4.3"
"Mitrovic","Newcastle","67","2.8","100","100","0.2","0.8","a","Forward","6.2"
"Maiga","West Ham","7","2.3","0","0","0.0","0.2","u","Forward","4.5"
"Robles","Everton","19","3.8","","","0.3","0.3","a","Goalkeeper","4.3"
"Jones","Sunderland","44","1.9","100","100","0.0","0.2","a","Defender","4.2"
"Azpilicueta","Chelsea","98","3.5","","","0.3","13.4","a","Defender","5.8"
"Navas","Man City","70","2.8","100","100","0.4","1.0","a","Midfielder","6.1"
"Gardner","Aston Villa","0","0.0","0","0","0.0","0.0","u","Midfielder","4.5"
"Ings","Liverpool","20","4.0","0","0","0.0","1.0","i","Forward","6.9"
"Veretout","Aston Villa","67","2.8","","","0.4","0.1","a","Midfielder","5.6"
"Tiendalli","Swansea","0","0.0","0","0","0.0","0.2","u","Defender","4.0"
"Dorrans","Norwich","31","1.7","100","100","0.1","0.0","a","Midfielder","4.4"
"Adrián","West Ham","105","4.0","100","100","1.7","3.3","a","Goalkeeper","5.0"
"Kinsella","Aston Villa","0","0.0","","","0.0","0.3","a","Defender","3.8"
"Pozo","Man City","0","0.0","","","0.0","0.0","u","Forward","4.8"
"Cameron","Stoke","55","2.5","100","100","0.7","0.5","a","Defender","4.2"
"Morgan","Leicester","86","3.0","100","100","0.6","5.4","a","Defender","4.3"
"Bamford","Norwich","11","1.1","100","100","0.2","0.3","a","Forward","5.3"
"Johnstone","Man Utd","0","0.0","0","0","0.0","0.0","n","Goalkeeper","4.3"
"Sheyi Ojo","Liverpool","0","0.0","100","100","0.0","0.0","a","Midfielder","5.0"
"Prödl","Watford","39","2.4","100","100","0.3","0.2","a","Defender","4.2"
"Kane","Spurs","160","5.3","100","100","0.6","43.4","a","Forward","10.2"
"Iwobi","Arsenal","5","1.0","","","0.1","0.0","a","Midfielder","4.5"
"Bannan","Crystal Palace","0","0.0","0","0","0.0","0.0","u","Midfielder","4.4"
"Young","Man Utd","34","2.1","0","0","0.0","0.6","i","Midfielder","5.6"
"Ireland","Stoke","12","1.2","100","100","0.1","0.0","a","Midfielder","4.6"
"Oularé","Watford","2","1.0","100","100","0.1","0.0","a","Forward","5.5"
"Hamer","Leicester","0","0.0","0","0","0.0","0.4","a","Goalkeeper","4.0"
"Morrison","West Brom","60","3.3","0","0","0.0","0.9","i","Midfielder","4.5"
"Mangala","Man City","39","2.8","100","100","0.0","1.4","a","Defender","5.3"
"Wright","Man City","0","0.0","","","0.0","0.0","a","Goalkeeper","4.5"
"N'Jie","Spurs","11","1.6","0","0","0.0","0.0","i","Forward","7.2"
"Cabella","Newcastle","0","0.0","0","0","0.0","0.0","u","Midfielder","6.5"
"Bennett","Aston Villa","0","0.0","0","0","0.0","0.0","u","Defender","4.0"
"Cattermole","Sunderland","37","1.6","0","0","0.2","0.3","i","Midfielder","4.3"
"Kolarov","Man City","88","3.8","100","100","0.1","15.8","a","Defender","6.0"
"O'Kane","Bournemouth","20","1.4","","","0.1","0.1","a","Midfielder","4.1"
"Kingsley","Swansea","2","2.0","","","0.1","0.0","a","Defender","4.0"
"Parfitt-Williams","West Ham","0","0.0","","","0.0","0.0","a","Forward","4.5"
"Rossiter","Liverpool","1","1.0","0","0","0.0","0.0","i","Midfielder","4.4"
"Carrick","Man Utd","35","1.7","100","100","0.2","0.3","a","Midfielder","4.8"
"Ighalo","Watford","157","5.4","100","75","0.3","25.3","d","Forward","5.9"
"Rodríguez","Everton","0","0.0","","","0.0","0.1","a","Forward","4.4"
"Winks","Spurs","0","0.0","","","0.0","0.0","a","Midfielder","4.5"
"Lingard","Man Utd","58","3.6","100","100","0.6","2.4","a","Midfielder","4.3"
"Ayoze","Newcastle","78","3.1","","","0.4","1.0","a","Forward","5.1"
"Hangeland","Crystal Palace","25","3.6","","","0.0","0.6","a","Defender","4.0"
"Mannone","Sunderland","24","2.2","","","0.5","0.2","a","Goalkeeper","4.3"
"Hepburn-Murphy","Aston Villa","0","0.0","","","0.0","0.1","a","Forward","4.1"
"Targett","Southampton","60","4.6","100","100","0.2","9.0","a","Defender","3.9"
"Cédric","Southampton","79","3.6","100","100","0.1","2.3","a","Defender","4.8"
"Sako","Crystal Palace","41","3.4","100","100","0.1","0.8","a","Midfielder","5.0"
"Shelvey","Newcastle","67","2.9","100","100","0.6","2.0","a","Midfielder","5.3"
"Zabaleta","Man City","12","1.7","100","100","0.1","0.6","a","Defender","5.7"
"Gilmartin","Watford","0","0.0","0","0","0.0","0.1","i","Goalkeeper","4.0"
"Giaccherini","Sunderland","0","0.0","0","0","0.0","0.0","u","Midfielder","5.3"
"Pennington","Everton","0","0.0","","","0.0","0.0","a","Defender","4.0"
"Cargill","Bournemouth","0","0.0","","","0.0","0.3","u","Defender","3.9"
"Daniels","Bournemouth","120","4.1","100","100","1.2","14.9","a","Defender","5.0"
"Randolph","West Ham","16","5.3","100","100","0.0","0.1","a","Goalkeeper","4.4"
"Dymond","Crystal Palace","0","0.0","0","0","0.0","0.0","n","Midfielder","4.5"
"Yaya Touré","Man City","116","4.6","0","100","0.4","12.8","a","Midfielder","8.5"
"Holebas","Watford","14","1.6","100","100","0.3","0.1","a","Defender","4.0"
"McGeady","Everton","0","0.0","0","0","0.0","0.0","u","Midfielder","4.9"
"James","Leicester","0","0.0","0","0","0.0","0.0","i","Midfielder","4.4"
"Gouffran","Newcastle","11","1.4","75","75","0.2","0.0","d","Midfielder","5.5"
"Larsson","Sunderland","14","1.2","100","100","0.1","0.6","a","Midfielder","5.0"
"Jurado","Watford","51","2.7","25","100","0.0","0.1","a","Midfielder","5.3"
