"Player","Gameweek 01","Gameweek 02","Gameweek 03","Gameweek 04","Gameweek 05","Gameweek 06","Gameweek 07","Gameweek 08","Gameweek 09","Gameweek 10","Gameweek 11","Gameweek 12","Gameweek 13","Gameweek 14","Gameweek 15","Gameweek 16","Gameweek 17","Gameweek 18","Gameweek 19","Gameweek 20","Gameweek 21","Gameweek 22","Gameweek 23","Gameweek 24","Gameweek 25","Gameweek 26","Gameweek 27","Gameweek 28","Gameweek 29"
"Fryers","0","0","0","0","0","0","0","0","0","0","0","0","0","0","0","0","0","0","0","0","0","0","0","0","0","0","0","0","0"
"Romero","8","6","6","1","0","0","0","0","0","0","0","0","0","0","0","0","0","0","0","0","0","0","0","0","0","0","0","0","0"
"Senderos","0","0","0","0","0","0","0","0","0","0","0","0","0","0","0","0","0","0","0","0","0","0","0","0","0","0","0","0","0"
"Baba Rahman","N/A","N/A","0","0","0","0","0","0","6","1","0","1","0","0","2","0","0","0","0","0","0","0","0","0","0","1","1","1","2"
"Lescott","1","0","0","8","1","2","1","1","1","1","1","0","0","0","8","1","2","1","0","1","15","2","7","1","15","-1","1","1","0"
"Coquelin","1","1","3","3","3","1","0","2","3","1","3","2","1","0","0","0","0","0","0","0","0","0","0","0","1","1","2","3","-2"
"Williamson","0","0","0","0","0","0","0","0","0","0","0","0","0","0","0","0","0","0","0","0","0","0","0","0","0","0","0","0","0"
"Konchesky","0","0","0","0","0","0","0","0","0","0","0","0","0","0","0","0","0","0","0","0","0","0","0","0","0","0","0","0","0"
"Sánchez","1","1","3","2","2","2","1","0","0","0","2","3","1","1","2","2","2","1","0","0","0","0","0","0","0","0","0","0","0"
"Hernández","0","0","1","0","0","0","0","0","0","0","0","0","0","0","0","0","0","0","0","0","0","0","0","0","0","0","0","0","0"
"O'Neil","0","1","1","0","0","1","1","0","1","0","1","2","1","1","0","2","1","0","1","3","-2","0","0","0","2","2","0","1","1"
"Alfei","N/A","N/A","N/A","N/A","0","0","0","0","0","0","0","0","0","0","0","0","0","0","0","0","0","0","0","0","0","0","0","0","0","0","N/A","N/A","N/A","N/A","N/A","N/A","N/A","N/A","N/A","N/A","N/A","N/A","N/A","N/A","N/A","N/A","N/A","N/A","N/A","N/A","N/A","N/A","N/A","N/A"
"Crouch","0","0","0","0","0","1","0","0","0","1","1","0","0","0","0","0","0","0","0","0","1","0","1","2","0","0","0","1","0"
"Mané","2","2","1","11","1","9","7","11","2","4","3","2","1","5","2","2","2","6","2","1","3","6","3","3","1","0","1","2","3"
"Watmore","N/A","5","1","0","1","0","0","0","0","0","1","2","1","6","2","2","2","1","2","1","1","1","1","0","1","0","0","0","0"
"Fazio","0","0","0","0","0","0","0","0","0","0","0","0","0","0","0","0","0","0","0","0","0","0","0","0","0","0","0","0","0"
"Humphreys-Grant","N/A","N/A","N/A","N/A","N/A","N/A","N/A","N/A","N/A","N/A","N/A","N/A","N/A","N/A","0","0","0","0","0","0","0","0","0","0","0","0","0","0","0"
"McClean","1","1","0","3","1","3","2","1","3","5","2","2","5","2","9","2","-2","0","0","0","6","2","3","2","2","0","1","1","1"
"Guzan","6","2","2","1","2","3","4","3","1","1","2","6","1","2","2","1","3","3","1","2","0","0","0","0","0","0","0","2","1"
"Yoshida","1","1","6","6","1","1","0","1","0","0","1","9","0","1","0","2","0","0","1","0","1","0","0","0","15","1","0","1","1"
"Sessegnon","0","0","0","0","0","0","0","0","3","3","5","2","2","1","1","0","1","1","3","10","1","2","3","3","0","3","5","1","3"
"Cathcart","1","8","6","1","6","2","1","2","1","6","6","1","1","1","6","6","6","0","1","1","1","2","10","6","2","2","5","0","0"
"Van Ginkel","2","1","2","2","2","2","1","1","1","0","1","0","0","0","1","1","2","1","1","0","1","1","0","0","0","0","0","0","0"
"Cleverley","2","3","2","1","0","0","0","0","0","0","0","0","0","1","2","3","2","11","4","2","0","0","2","7","12","1","0","0","N/A"
"Sidwell","1","0","0","0","0","0","0","0","0","0","0","0","0","0","0","0","0","0","0","0","0","0","0","0","0","0","0","0","0"
"Hennessey","0","0","0","0","0","0","5","6","1","2","6","3","2","2","3","8","3","7","7","1","2","0","3","1","2","1","1","2","0"
"Montero","2","6","2","0","1","3","1","5","2","2","2","3","1","1","1","1","0","1","0","1","0","0","0","0","0","0","0","0","0"
"Szczesny","0","0","0","0","0","0","0","0","0","0","0","0","0","0","0","0","0","0","0","0","0","0","0","0","0","0","0","0","0"
"Poyet","0","0","0","0","0","0","0","0","0","0","0","0","0","0","0","0","0","0","0","0","0","0","0","0","0","0","0","0","0"
"Burke","0","0","0","0","0","0","0","0","0","0","0","0","0","0","0","0","0","0","0","0","0","0","0","0","0","0","0","0","0"
"Fuchs","1","1","0","0","0","0","0","2","1","9","0","2","6","5","6","2","1","2","8","6","12","2","8","7","6","0","9","1","5"
"Benteke","2","9","2","2","6","1","0","0","0","8","9","2","4","2","2","2","1","5","8","2","4","1","1","1","0","1","1","8","N/A"
"Ledley","0","0","0","1","0","0","3","1","1","0","0","1","0","0","0","0","2","3","0","1","1","2","2","0","0","0","2","1","9"
"Hart","6","7","6","6","6","1","0","3","2","6","2","6","2","0","1","4","2","2","7","3","6","7","1","9","2","1","2","6","6"
"Galloway","2","6","1","0","4","6","1","2","1","1","0","2","6","1","6","0","0","0","0","0","0","0","0","0","0","0","0","0","N/A"
"Tomlin","0","0","0","2","0","2","2","0","0","0","1","1","0","0","0","0","0","0","0","0","0","0","0","0","0","0","0","0","0"
"Carroll","0","0","0","0","1","0","4","0","1","6","2","2","2","1","2","2","0","0","7","6","1","0","0","0","1","1","1","1","1"
"Terry","0","1","-3","0","1","0","0","1","7","1","1","2","7","0","0","0","2","1","6","6","1","4","8","8","2","1","0","0","0"
"Diamanti","N/A","N/A","1","0","1","0","0","0","0","0","0","1","0","0","0","0","0","0","0","0","0","0","0","0","0","0","0","0","0"
"Clyne","7","6","6","0","0","2","1","2","6","2","2","0","1","6","1","1","1","6","6","1","0","2","0","1","1","13","6","0","N/A"
"Falcao","1","1","1","6","1","0","1","1","0","1","1","0","0","0","0","0","0","0","0","0","0","0","0","0","0","0","0","0","0"
"Whittaker","1","8","1","-3","0","2","1","1","-1","0","0","0","0","0","0","0","0","0","0","0","0","0","0","0","0","0","0","0","0"
"Armstrong","0","0","0","0","0","0","0","0","0","0","0","0","0","0","0","0","0","0","0","0","0","0","0","0","0","0","0","0","0"
"Fabbrini","0","0","0","0","0","0","0","0","0","0","0","0","0","0","0","0","0","0","0","0","0","0","0","0","0","0","0","0","0"
"Markovic","0","0","0","0","0","0","0","0","0","0","0","0","0","0","0","0","0","0","0","0","0","0","0","0","0","0","0","0","N/A"
"Samaras","0","0","0","0","0","0","0","0","0","0","0","0","0","0","0","0","0","0","0","0","0","0","0","0","0","0","0","0","0"
"Chamakh","0","0","0","0","0","0","0","0","0","0","0","0","1","0","0","1","1","1","1","1","1","0","0","1","1","0","0","0","0"
"Yacob","0","3","2","1","3","2","2","1","2","3","2","2","2","1","0","0","0","1","6","2","0","2","3","2","2","3","2","1","3"
"Rooney","5","2","2","2","0","2","8","1","6","2","2","2","0","2","0","0","5","1","1","8","16","9","2","10","5","1","0","0","0"
"Welbeck","0","0","0","0","0","0","0","0","0","0","0","0","0","0","0","0","0","0","0","0","0","0","0","0","0","6","10","1","2"
"Bacuna","5","2","0","1","1","1","0","0","0","1","1","1","0","0","2","1","1","1","2","1","8","1","6","1","6","-1","7","0","1"
"Chambers","0","0","7","0","0","-1","0","0","0","0","1","0","0","0","4","1","1","1","5","1","0","1","0","0","0","1","0","0","0"
"Simpson","0","0","0","0","0","0","0","6","1","7","1","2","10","2","6","2","1","2","6","6","7","2","6","6","1","-3","0","1","7"
"Alli","0","0","6","0","3","3","1","9","3","2","10","2","5","0","9","2","12","6","1","8","2","2","13","10","4","2","2","1","5"
"Zouma","1","0","1","1","1","15","1","0","6","6","1","2","6","6","2","1","2","0","6","6","1","1","8","6","1","0","0","0","0"
"Wijnaldum","7","2","3","1","2","2","8","5","25","2","3","6","2","2","14","2","2","2","2","2","8","13","2","2","3","1","2","2","0"
"Kanté","1","1","1","5","1","1","2","7","2","3","2","9","3","2","7","2","2","2","3","3","3","2","3","3","5","1","3","0","3"
"Obiang","0","1","2","3","1","4","1","0","0","1","0","0","0","2","1","0","1","2","1","1","2","1","0","1","0","1","1","3","2"
"Ritchie","2","1","2","2","1","8","2","6","1","8","2","2","4","2","3","5","2","3","2","3","1","0","1","6","2","6","3","10","6"
"Defoe","6","2","8","2","2","2","0","0","1","1","5","1","5","1","0","1","2","0","2","13","17","2","2","2","6","2","2","5","8"
"Gomis","6","6","6","7","2","2","1","2","2","2","2","2","1","1","2","6","2","0","2","1","1","1","0","0","1","1","1","2","1"
"Valencia","0","0","0","0","0","0","0","0","0","0","1","1","0","0","0","1","1","2","2","5","13","2","13","5","1","2","0","0","0"
"Tioté","1","0","1","0","0","0","0","1","0","0","3","2","1","0","0","0","0","0","2","2","1","0","0","0","3","2","0","0","0"
"Vydra","0","0","0","0","0","0","0","0","0","0","0","0","0","0","0","0","0","0","0","0","0","0","0","0","0","0","0","0","0"
"Ideye","0","0","0","0","0","0","0","0","0","0","0","0","0","0","0","0","0","0","0","0","0","0","0","0","0","0","0","0","0"
"Oviedo","1","0","0","3","0","0","0","0","0","0","1","0","0","0","0","0","0","0","0","0","0","2","2","3","3","3","2","5","N/A"
"Hazard","2","1","5","2","2","10","5","5","1","2","1","2","3","3","2","1","0","1","2","1","0","0","1","1","1","2","2","5","3"
"Vlaar","0","0","0","0","0","0","0","0","0","0","0","0","0","0","0","0","0","0","0","0","0","0","0","0","0","0","0","0","0"
"Dummett","0","0","0","0","0","0","0","0","1","1","8","7","0","0","8","2","1","2","2","2","7","1","0","1","0","0","2","1","0"
"Mayuka","0","0","0","0","0","0","0","0","0","0","0","0","0","0","0","0","0","0","0","0","0","0","0","0","0","0","0","0","0"
"Trippier","0","0","0","0","0","0","0","0","0","1","0","0","0","0","0","0","0","0","5","0","0","2","1","0","15","0","0","2","0"
"Tabanou","0","0","0","0","0","0","0","0","0","0","0","0","0","0","0","0","0","0","0","0","0","0","0","0","0","0","0","0","0"
"Traoré","0","4","0","0","0","1","0","1","1","0","0","0","1","0","1","0","1","1","3","0","0","0","0","0","0","0","0","0","0"
"Baker","0","0","0","0","0","0","0","0","0","0","0","0","0","0","0","0","0","0","0","0","0","0","0","0","0","0","0","0","0"
"Browning","0","1","0","0","0","5","1","2","0","0","0","0","0","0","0","0","0","0","0","0","0","0","0","0","0","0","0","0","N/A"
"Ruddy","2","2","2","2","2","5","2","2","-1","3","2","6","4","2","0","0","0","0","0","0","0","0","0","0","0","2","2","1","2"
"Caulker","0","0","7","0","0","0","0","0","0","0","0","1","0","1","0","0","0","0","0","0","1","1","1","0","0","0","0","0","N/A"
"Gosling","1","1","1","0","1","5","8","2","2","2","1","2","8","1","3","3","6","3","2","3","2","10","2","2","2","1","1","1","1"
"Shaw","6","7","6","6","2","0","0","0","0","0","0","0","0","0","0","0","0","0","0","0","0","0","0","0","0","0","0","0","0"
"Lloris","0","2","2","7","6","7","5","1","8","2","2","3","3","6","3","1","9","7","2","2","2","2","3","6","6","3","3","2","1"
"Kermorgant","1","0","0","0","1","0","0","0","0","1","0","1","0","0","0","0","1","1","0","0","0","1","0","0","0","0","0","0","0"
"Naismith","1","1","1","1","17","2","1","2","1","0","0","0","0","0","0","0","0","0","1","0","0","0","11","2","2","4","1","0","2"
"Borini","0","0","0","0","1","1","2","2","1","0","0","1","0","0","2","1","5","7","2","1","5","0","5","2","0","1","0","7","2"
"Adam","2","1","1","-2","0","0","3","3","3","1","2","3","3","1","0","1","1","1","0","1","0","1","0","0","0","0","0","0","0"
"Schneiderlin","3","3","3","1","1","2","3","0","9","2","3","0","2","0","1","0","0","0","2","2","2","3","2","0","1","2","2","3","1"
"McAleny","0","0","0","0","0","0","0","0","0","0","0","0","0","0","0","0","0","0","0","0","0","0","0","0","0","0","0","0","N/A"
"Ramires","0","2","0","0","0","1","6","0","3","2","8","2","1","0","0","2","1","0","1","0","0","0","0","0","0","0","0","0","0"
"Jedinak","1","0","1","0","1","0","0","0","0","1","1","0","0","1","2","0","0","1","3","1","1","0","0","1","1","2","1","2","2"
"Tözsér","0","0","0","0","0","0","0","0","0","0","0","0","0","0","0","0","0","0","0","0","0","0","0","0","0","0","0","0","0"
"Tadic","6","1","0","16","3","2","11","2","5","3","6","8","2","1","2","1","2","4","5","2","6","6","3","3","0","0","0","1","5"
"Cech","1","3","11","6","7","2","2","7","6","3","7","3","1","2","3","6","3","0","7","10","2","10","3","8","10","2","1","1","0"
"Horsfield","N/A","N/A","N/A","N/A","N/A","N/A","N/A","N/A","N/A","N/A","N/A","N/A","N/A","N/A","N/A","N/A","N/A","N/A","0","0","0","0","0","0","0","0","0","0","0"
"Okazaki","2","6","2","1","1","2","1","2","1","1","1","1","5","1","0","1","11","2","0","1","2","5","2","5","2","2","2","2","1"
"Tuanzebe","N/A","N/A","N/A","N/A","N/A","N/A","N/A","N/A","N/A","N/A","0","0","0","0","0","0","0","0","0","0","0","0","0","0","0","0","0","0","0"
"Clichy","0","0","0","0","0","0","0","0","0","0","0","0","0","0","0","2","0","0","0","0","9","1","1","9","0","7","1","7","6"
"Carles Gil","0","0","0","0","8","1","0","1","2","1","1","3","1","2","0","1","0","1","0","6","3","2","3","2","6","2","1","0","0"
"Haugaard","0","0","0","0","0","0","0","0","0","0","0","0","0","0","0","0","0","0","0","0","0","0","0","0","0","0","0","0","0"
"King","2","2","1","1","0","1","1","1","0","0","1","1","1","0","1","2","2","2","1","0","1","0","0","1","0","1","1","13","1"
"Lawrence","0","0","0","0","0","0","0","0","0","0","0","0","0","0","0","0","0","0","0","0","0","0","0","0","0","0","0","0","0"
"Lukaku","5","13","2","2","2","2","16","7","1","2","14","8","12","6","8","9","6","2","13","5","2","2","2","1","9","2","5","7","N/A"
"Sturridge","0","0","0","0","0","2","13","2","0","0","0","0","0","1","1","0","0","0","0","0","0","0","0","0","0","6","0","0","N/A"
"Naughton","1","6","8","2","2","6","1","0","0","4","1","2","1","2","1","0","1","0","8","0","-4","7","1","1","1","1","0","2","0"
"Can","1","1","2","1","2","2","2","1","3","2","1","2","1","3","0","2","2","2","2","2","5","2","2","2","2","8","3","4","N/A"
"Reed","0","0","0","0","0","0","0","0","0","0","0","0","0","0","0","0","0","0","0","1","0","0","0","0","0","0","0","0","0"
"Onomah","N/A","N/A","0","0","0","0","0","0","0","0","1","1","1","0","0","0","0","0","0","1","1","1","0","0","0","0","1","0","0","0","N/A","N/A","N/A","N/A","N/A","N/A","N/A","N/A","N/A","N/A","N/A","N/A","N/A","N/A","N/A","N/A","N/A","N/A","N/A","N/A","N/A","N/A","N/A","N/A","N/A","N/A"
"de Gea","0","0","0","0","2","3","7","1","7","6","9","6","3","2","6","2","1","1","8","3","2","9","2","6","3","0","2","9","2"
"Mbemba","1","1","8","1","1","1","1","-1","1","1","7","6","1","-1","6","5","2","2","2","2","1","2","0","1","0","0","0","0","0"
"Richards","8","2","1","1","4","3","1","2","1","0","0","6","0","7","0","0","0","0","0","1","0","0","5","1","6","-1","0","1","0"
"Dann","2","1","14","2","1","0","9","7","1","2","6","10","1","2","9","6","2","6","6","0","2","0","1","6","9","1","1","3","0"
"Traore","N/A","N/A","0","0","0","0","0","0","0","0","0","0","0","0","1","0","0","0","0","0","0","0","0","0","0","6","0","4","9"
"Jarvis","1","0","1","1","8","2","0","1","0","2","1","0","0","0","0","0","0","0","0","0","1","1","1","2","1","0","1","0","0"
"Akpom","0","0","0","0","0","0","0","0","0","0","0","0","0","0","0","0","0","0","0","0","0","0","0","0","0","0","0","0","0"
"Hammond","0","0","0","0","0","0","0","0","0","0","0","0","0","0","0","0","0","0","0","0","0","0","0","0","0","0","0","0","0"
"Gamboa","0","0","0","0","0","0","0","0","0","0","0","0","0","0","0","0","0","0","0","0","0","0","0","0","0","0","0","0","0"
"Tremmel","N/A","N/A","N/A","N/A","N/A","N/A","N/A","N/A","N/A","N/A","N/A","N/A","0","0","0","0","0","0","0","0","0","0","0","0","0","0","0","0","0","0","N/A","N/A","N/A","N/A","N/A","N/A","N/A","N/A","N/A","N/A","N/A","N/A","N/A","N/A","N/A","N/A"
"Smalling","9","7","6","1","2","1","7","1","11","6","5","8","2","2","7","0","1","1","6","1","0","6","2","6","1","1","0","0","2"
"Roberts","N/A","N/A","N/A","N/A","N/A","N/A","N/A","N/A","N/A","N/A","N/A","N/A","N/A","N/A","N/A","N/A","N/A","N/A","N/A","0","0","0","0","0","0","0","0","0","0"
"Kaboul","-1","1","0","1","2","-2","1","0","2","9","0","2","6","6","1","0","4","0","0","0","0","0","0","0","0","0","0","1","2"
"Maddison","0","0","0","0","0","0","0","0","0","0","0","0","0","0","0","0","0","0","0","0","0","0","0","0","0","0","0","0","0"
"Unavailable","0","0","0","0","0","0","0","0","0","0","0","0","0","0","0","0","0","0","0","0","0","0","0","0","0","0","0","0","0"
"Denayer","0","0","0","0","0","0","0","0","0","0","0","0","0","0","0","0","0","0","0","0","0","0","0","0","0","0","0","0","0"
"Davis","1","1","3","1","3","1","3","8","1","2","11","3","2","2","2","2","2","3","2","2","6","6","0","0","0","3","1","1","3"
"Weir","N/A","N/A","N/A","N/A","N/A","N/A","N/A","N/A","N/A","N/A","N/A","N/A","N/A","N/A","N/A","N/A","N/A","N/A","N/A","N/A","0","0","0","0","0","0","1","0","0"
"Seager","N/A","N/A","N/A","N/A","N/A","N/A","N/A","N/A","N/A","N/A","N/A","0","0","0","0","0","0","0","0","0","0","0","0","0","0","0","0","0","0","0","N/A","N/A","N/A","N/A","N/A","N/A","N/A","N/A","N/A","N/A","N/A","N/A","N/A","N/A","N/A","N/A","N/A"
"Zaha","7","2","1","1","2","1","3","5","1","0","3","2","2","6","0","3","5","3","3","2","2","2","5","4","2","2","2","2","2"
"Walcott","1","0","1","3","8","2","7","9","3","0","0","0","0","0","1","6","7","2","3","3","2","3","2","1","1","6","2","1","0"
"Arteta","0","1","0","1","1","0","1","0","1","0","0","1","-1","0","0","0","0","0","0","0","1","0","0","0","0","0","0","0","0"
"Howson","2","2","2","2","6","2","2","6","2","1","2","11","2","2","2","1","1","0","11","3","9","2","2","2","1","1","2","1","2"
"Distin","0","0","0","0","0","6","1","2","0","0","1","2","1","1","0","0","0","0","0","1","0","0","0","1","0","0","0","0","1"
"Chamberlain","2","1","1","6","1","1","1","1","1","2","0","0","0","1","2","1","1","1","3","3","1","3","1","0","8","2","0","0","0"
"Capoue","2","3","3","2","2","6","2","2","2","3","2","2","2","1","3","3","3","2","2","2","2","2","2","3","1","2","1","2","2"
"Hoolahan","5","10","2","1","13","0","5","2","1","2","0","3","1","2","0","9","3","0","6","3","2","2","10","0","1","8","0","5","2"
"Good","N/A","N/A","N/A","N/A","0","0","0","0","0","0","0","0","0","0","0","0","0","0","0","0","0","0","0","0","0","0","0","0","0"
"Holgate","N/A","N/A","N/A","N/A","N/A","N/A","N/A","0","0","0","0","0","0","0","0","0","0","0","0","0","0","0","0","0","0","0","0","0","N/A"
"Agüero","1","6","2","2","1","5","2","25","0","0","0","0","6","2","0","0","2","0","2","9","2","16","12","5","6","2","2","11","2"
"Dawson","1","6","1","6","6","6","7","1","5","6","1","0","2","2","2","7","1","2","8","2","1","1","9","2","2","6","6","1","1"
"O'Brien","0","0","0","0","0","0","0","0","0","0","0","0","0","0","0","0","0","0","0","0","0","0","0","0","0","0","0","0","0"
"Funes Mori","N/A","N/A","N/A","N/A","1","0","1","2","0","1","1","1","6","7","1","2","0","8","0","3","6","6","1","6","6","2","14","1","N/A"
"Jagielka","1","6","1","8","2","6","1","2","1","0","0","0","0","0","0","0","0","0","0","0","6","1","0","6","7","2","2","1","N/A"
"Monreal","0","2","8","8","6","1","8","6","6","2","6","2","1","2","2","7","2","0","1","7","1","7","2","8","6","2","1","1","0"
"Hesketh","0","0","0","0","0","0","0","0","0","0","0","0","0","0","0","0","0","0","0","0","0","0","0","0","0","0","0","0","0"
"Pudil","0","0","0","0","0","0","0","0","0","0","0","0","0","0","0","0","0","0","0","0","0","0","0","0","0","0","0","0","0"
"Cissé","9","1","1","1","2","1","0","0","1","0","0","1","1","7","1","2","1","0","0","0","0","0","0","0","0","0","0","0","0"
"van Persie","0","0","0","0","0","0","0","0","0","0","0","0","0","0","0","0","0","0","0","0","0","0","0","0","0","0","0","0","0"
"Eder","1","0","1","1","1","1","1","0","1","1","1","1","2","2","0","0","0","0","0","0","0","0","1","0","0","0","0","0","0"
"Obertan","5","2","2","0","0","1","1","0","0","0","0","0","0","0","0","0","0","0","0","0","0","0","0","0","0","0","0","0","0"
"Loftus-Cheek","0","0","0","1","0","0","0","0","1","0","0","0","0","1","0","0","0","0","1","0","0","0","0","0","0","1","0","0","1"
"Redmond","6","11","7","2","2","2","6","1","7","2","1","0","2","1","1","2","5","2","3","3","1","1","2","0","1","2","2","8","2"
"Richardson","1","0","0","0","0","0","0","0","0","0","0","0","0","5","1","0","0","0","1","0","0","0","0","1","0","0","0","0","0"
"Wilshere","0","0","0","0","0","0","0","0","0","0","0","0","0","0","0","0","0","0","0","0","0","0","0","0","0","0","0","0","0"
"Fabianski","1","6","2","3","3","6","2","4","2","2","1","3","1","2","1","2","6","7","6","2","3","6","1","3","2","3","8","3","8"
"Lyden","N/A","N/A","N/A","N/A","N/A","N/A","N/A","N/A","N/A","N/A","N/A","N/A","N/A","N/A","N/A","0","0","0","0","0","0","0","0","0","0","1","0","0","0","0","N/A","N/A","N/A","N/A","N/A","N/A","N/A","N/A","N/A","N/A","N/A","N/A","N/A"
"Rosicky","0","0","0","0","0","0","0","0","0","0","0","0","0","0","0","0","0","0","0","0","0","0","0","0","0","0","0","0","0"
"Angella","0","0","0","0","0","0","0","0","0","0","0","0","0","0","0","0","0","0","0","0","0","0","0","0","0","0","0","0","0"
"Pieters","1","1","1","1","1","1","2","8","5","0","7","6","12","0","7","5","1","6","1","1","2","6","1","1","1","2","2","6","1"
"Moore","0","0","0","0","0","0","0","0","0","0","0","0","0","0","0","0","0","0","0","0","0","0","0","0","0","0","0","0","0"
"Begovic","2","2","0","0","3","6","2","1","6","2","2","2","6","8","0","0","0","0","0","0","0","0","0","0","0","0","0","0","0"
"Krul","2","2","11","5","1","1","1","0","0","0","0","0","0","0","0","0","0","0","0","0","0","0","0","0","0","0","0","0","0"
"Maffeo","N/A","N/A","N/A","0","0","0","0","0","0","0","0","0","0","0","0","0","0","0","0","0","0","0","0","0","0","0","0","0","0"
"Cresswell","6","1","3","12","6","2","1","0","2","5","1","2","0","2","6","6","6","10","0","9","2","1","1","9","2","1","6","6","1"
"Gnabry","0","0","1","0","0","0","0","0","0","0","0","0","0","0","0","0","0","0","0","0","0","0","0","0","0","0","0","0","0"
"Agbonlahor","2","2","2","0","5","2","0","0","0","5","1","0","0","0","1","0","0","0","0","0","0","0","0","2","7","1","2","2","2"
"Zelalem","0","0","0","0","0","0","0","0","0","0","0","0","0","0","0","0","0","0","0","0","0","0","0","0","0","0","0","0","0"
"Jerome","1","2","2","2","6","2","2","2","1","1","6","2","1","1","1","2","11","2","1","1","1","1","4","1","0","2","2","2","1"
"Mbokani","N/A","N/A","N/A","N/A","1","0","1","6","6","2","0","4","2","0","1","0","1","1","8","2","2","2","6","2","2","1","1","1","1","1","N/A","N/A","N/A","N/A","N/A","N/A","N/A","N/A","N/A","N/A","N/A","N/A","N/A","N/A","N/A","N/A","N/A","N/A","N/A","N/A","N/A","N/A","N/A","N/A"
"Grealish","0","0","2","0","7","2","2","1","1","2","2","0","2","0","0","1","0","0","1","1","0","0","0","0","0","0","0","0","0"
"Clark","5","2","0","0","0","0","0","0","0","0","1","6","0","0","0","0","0","0","1","0","1","0","0","0","1","0","0","0","0"
"Kelly","0","0","0","0","2","1","6","6","1","2","5","2","0","0","0","0","0","0","0","0","0","0","0","0","0","0","1","1","0"
"Tomkins","5","0","0","6","7","2","1","1","1","2","1","3","0","0","6","7","6","1","1","6","2","1","0","6","2","0","0","0","0"
"Gardos","0","0","0","0","0","0","0","0","0","0","0","0","0","0","0","0","0","0","0","0","0","0","0","0","0","0","0","0","0"
"Sinclair","N/A","N/A","N/A","N/A","N/A","N/A","N/A","N/A","0","0","0","0","0","0","0","0","0","0","0","0","0","0","0","0","0","0","0","0","N/A"
"Nordfeldt","0","0","0","0","0","0","0","0","0","0","0","0","0","0","0","0","0","0","0","0","0","0","0","0","0","0","0","0","0"
"MacDonald","0","0","0","0","0","0","0","0","1","0","0","0","1","0","0","0","0","0","0","0","0","0","0","0","0","0","0","0","0"
"de Jong","1","0","0","1","1","1","1","0","0","0","1","0","1","1","3","2","4","0","1","1","1","0","0","0","0","0","0","0","0"
"Lindegaard","0","0","0","0","0","0","0","0","0","0","0","0","0","0","0","0","0","0","0","0","0","0","0","0","0","0","0","0","0"
"Cazorla","2","2","3","2","8","-1","6","3","3","8","3","1","0","1","0","0","0","0","0","0","0","0","0","0","0","0","0","0","0"
"Stekelenburg","1","1","6","6","6","1","3","2","0","2","6","7","2","2","2","0","0","7","1","2","0","0","0","0","0","0","0","0","0"
"Pienaar","0","0","0","0","0","0","0","0","0","0","0","0","0","0","0","0","0","0","0","0","1","1","2","0","0","0","0","0","N/A"
"Fulton","N/A","N/A","N/A","N/A","N/A","N/A","N/A","N/A","N/A","N/A","N/A","N/A","N/A","N/A","N/A","N/A","0","0","0","0","0","0","0","0","0","0","0","0","N/A"
"Bellerín","0","2","7","6","9","1","4","7","10","2","6","0","0","2","2","6","2","0","7","6","1","6","2","7","6","2","1","1","9"
"Britos","0","0","0","0","0","0","0","0","0","6","6","1","1","1","7","6","5","0","0","1","2","2","1","0","1","0","6","1","0"
"Lens","5","4","4","7","2","2","2","3","0","3","0","0","1","1","1","0","0","1","0","0","2","2","2","1","0","0","0","0","0"
"Delaney","9","-1","2","2","0","2","0","0","0","0","7","2","2","6","2","7","5","6","0","0","2","0","1","1","6","1","4","1","1"
"Balotelli","0","0","0","0","0","0","0","0","0","0","0","0","0","0","0","0","0","0","0","0","0","0","0","0","0","0","0","0","N/A"
"Manu García","N/A","N/A","N/A","N/A","0","0","0","0","0","0","0","0","0","0","0","0","0","0","0","0","0","0","0","0","0","0","0","1","0"
"Ramírez","0","0","0","0","0","0","0","0","0","4","0","0","0","0","0","0","0","0","1","1","0","0","0","0","0","0","0","0","0"
"Ulloa","0","0","1","0","1","1","4","1","0","0","2","0","11","1","2","2","1","1","1","1","1","1","5","1","1","0","6","1","0"
"Lamela","1","1","2","0","4","2","12","1","2","7","6","2","0","1","2","2","3","3","9","1","2","2","0","1","3","4","2","2","4"
"Townsend","0","0","0","0","1","0","0","1","1","0","0","0","0","0","0","0","0","0","0","0","0","0","0","2","3","7","0","0","0"
"Filipe Luis","0","0","0","0","0","0","0","0","0","0","0","0","0","0","0","0","0","0","0","0","0","0","0","0","0","0","0","0","0"
"Costa","2","2","10","2","1","1","0","0","12","1","2","2","6","0","0","2","2","12","0","10","1","9","6","1","9","9","4","8","0"
"Schweinsteiger","0","1","1","2","2","1","1","2","2","3","3","3","5","9","3","0","0","0","2","2","0","0","0","0","0","0","0","0","0"
"Janmaat","1","-3","0","2","0","8","1","-1","4","1","6","5","1","3","6","2","2","1","2","1","1","5","1","1","9","0","2","1","0"
"Rojo","0","0","0","0","0","2","0","0","8","6","8","5","2","0","0","0","0","0","0","0","0","0","0","0","0","0","1","6","2"
"Ospina","0","0","0","0","0","0","0","0","0","0","0","0","0","0","0","0","0","0","0","0","0","0","0","0","0","0","0","0","6"
"Ilori","0","0","0","0","0","0","0","0","0","0","0","0","0","0","0","0","0","0","0","0","0","0","0","0","0","0","0","0","N/A"
"Otamendi","N/A","N/A","0","0","0","1","0","2","1","8","11","8","0","2","0","2","0","2","8","2","6","6","1","8","1","1","1","6","5"
"Teixeira","N/A","N/A","N/A","N/A","0","0","0","0","0","0","0","0","0","0","0","0","0","0","0","0","0","0","0","1","0","0","0","0","N/A"
"Brunt","2","3","2","0","2","2","5","2","6","2","2","1","4","0","2","6","2","2","3","1","2","1","0","0","0","0","1","0","0"
"Kozák","0","0","0","0","0","0","0","0","0","0","0","0","0","0","0","0","0","0","0","1","2","2","2","0","0","0","0","0","0"
"Rafael","0","0","0","0","0","0","0","0","0","0","0","0","0","0","0","0","0","0","0","0","0","0","0","0","0","0","0","0","0"
"Schlupp","3","2","2","1","1","0","0","8","0","5","1","1","0","1","1","0","0","0","0","0","0","0","0","0","0","0","1","1","1"
"Nathan","0","0","0","0","0","0","0","0","0","0","0","0","0","0","0","0","0","0","0","0","0","0","0","0","0","0","0","0","0"
"Christensen","0","0","0","0","0","0","0","0","0","0","0","0","0","0","0","0","0","0","0","0","0","0","0","0","0","0","0","0","0"
"Martial","N/A","N/A","N/A","N/A","6","12","5","2","2","2","2","5","0","2","2","2","7","2","2","12","2","2","2","11","2","8","0","5","2"
"Pantilimon","1","2","4","1","3","2","2","2","1","10","0","3","10","8","2","4","1","0","0","0","0","0","0","0","0","0","0","0","0"
"Davis K","0","0","0","0","0","0","0","0","2","0","0","0","0","0","0","0","0","0","0","0","0","0","0","0","0","0","0","0","0"
"Gómez","0","0","0","0","3","1","0","1","2","0","0","2","0","0","0","0","0","2","0","0","0","0","0","0","0","0","0","0","0"
"Brady","2","7","4","2","2","2","9","3","2","2","5","3","2","7","1","2","1","2","3","3","2","2","2","0","2","7","4","2","0"
"Lennon","0","0","0","0","1","0","1","1","2","2","0","1","0","1","0","0","1","3","0","8","0","2","0","13","8","2","10","8","N/A"
"Sissoko","2","1","0","1","2","5","2","2","13","2","3","3","1","2","7","2","2","2","2","2","2","2","2","2","3","2","2","2","0"
"Wilson","0","0","0","1","0","1","0","0","0","1","0","0","0","0","0","0","0","0","0","0","0","0","1","0","0","0","0","0","0"
"Amat","0","0","0","0","0","0","0","0","0","0","0","0","0","0","0","0","0","0","6","0","0","1","1","1","0","0","0","2","0"
"Chadli","2","8","6","2","3","3","1","2","1","0","0","0","0","0","0","1","1","1","1","1","0","0","10","1","3","1","6","2","0"
"Wanyama","2","2","2","0","3","2","1","2","1","2","0","0","2","2","2","2","2","3","2","-1","0","3","3","3","1","0","0","0","0"
"Cullen","N/A","N/A","0","1","0","0","0","0","0","0","0","0","0","0","0","0","0","0","0","0","0","0","0","0","0","0","0","0","0"
"Britton","0","1","0","0","0","0","1","0","0","0","1","1","2","2","1","2","3","3","0","2","1","2","2","2","2","2","2","0","1"
"Blind","3","3","3","2","10","2","3","2","0","0","3","3","2","6","3","2","2","2","3","1","2","3","2","3","1","2","2","3","2"
"Stambouli","0","0","0","0","0","0","0","0","0","0","0","0","0","0","0","0","0","0","0","0","0","0","0","0","0","0","0","0","0"
"Isgrove","N/A","N/A","N/A","N/A","0","0","0","0","0","0","0","0","0","0","0","0","0","0","0","0","0","0","0","0","0","0","0","0","0","0","N/A","N/A","N/A","N/A","N/A","N/A","N/A","N/A","N/A","N/A","N/A","N/A","N/A","N/A","N/A","N/A","N/A","N/A","N/A","N/A","N/A","N/A","N/A","N/A"
"Dembélé","2","2","2","1","0","0","0","1","3","9","9","2","2","3","1","0","3","3","1","0","1","9","2","3","3","2","0","0","4"
"Ward-Prowse","0","1","1","3","3","2","6","0","2","1","1","3","0","1","7","1","1","3","0","2","0","16","4","3","1","7","1","2","1"
"Chilwell","N/A","N/A","N/A","N/A","N/A","N/A","N/A","N/A","N/A","N/A","0","0","0","0","0","0","0","0","0","0","0","0","0","0","0","0","0","0","0","0","N/A","N/A","N/A","N/A","N/A","N/A","N/A","N/A","N/A","N/A","N/A","N/A","N/A","N/A","N/A","N/A","N/A","N/A"
"Westwood","5","2","3","2","2","2","2","1","2","0","1","0","2","0","1","0","1","2","1","0","3","2","3","0","3","1","2","2","2"
"Nyom","1","5","9","0","7","2","2","2","0","8","5","1","2","1","6","12","6","1","1","0","2","1","1","1","2","2","0","2","2"
"Schwarzer","0","0","0","0","0","0","0","0","0","0","0","0","0","0","0","0","0","0","0","0","0","0","0","0","0","0","0","0","0"
"Bolasie","1","1","0","1","3","1","3","10","2","2","3","7","2","15","2","6","2","0","0","0","0","0","0","0","0","0","1","5","2"
"Payet","6","9","2","3","16","5","8","10","7","5","2","1","0","0","0","0","0","0","0","1","11","2","2","3","2","13","3","6","13"
"Huth","1","2","2","1","1","1","0","1","1","7","0","2","5","2","6","1","0","1","6","6","14","1","6","8","16","1","6","1","6"
"Ameobi","0","0","0","0","0","0","0","0","0","0","0","0","0","0","0","0","0","0","0","0","0","0","0","0","0","0","0","0","0"
"Wisdom","0","0","0","0","2","0","0","0","0","0","0","8","2","2","1","1","0","0","0","0","0","0","0","0","0","0","0","0","0"
"Given","0","0","0","0","0","0","0","0","0","0","0","0","0","0","0","0","0","0","0","0","0","0","0","0","0","0","0","0","0"
"Stones","1","7","1","6","1","8","0","0","1","1","0","2","6","1","2","2","1","7","-1","2","6","1","1","0","0","0","1","1","N/A"
"Wimmer","0","0","0","0","0","0","0","0","0","0","0","0","0","0","0","0","0","0","0","0","0","0","1","6","7","1","2","1","1"
"Amelia","N/A","N/A","N/A","N/A","N/A","N/A","N/A","N/A","N/A","0","0","0","0","0","0","0","0","0","0","0","0","0","0","0","0","0","0","0","0"
"Croll","N/A","N/A","N/A","N/A","N/A","N/A","0","0","0","0","0","0","0","0","0","0","0","0","0","0","0","0","0","0","0","0","0","0","0"
"Blackman","N/A","0","0","0","0","0","0","0","0","0","0","0","0","0","0","0","0","0","0","0","0","0","0","0","0","0","0","0","0"
"Henry","N/A","N/A","N/A","N/A","0","0","0","0","0","0","0","0","0","0","0","0","0","0","0","0","0","0","0","0","0","0","0","0","0"
"Skrtel","6","7","5","1","1","2","1","2","9","2","2","1","9","5","-1","1","0","0","0","0","0","0","0","0","0","0","0","0","N/A"
"Souaré","7","1","0","2","2","2","6","5","1","0","0","1","2","2","2","6","2","6","7","1","2","0","1","1","2","-2","0","0","1"
"Afellay","2","2","1","-2","0","0","1","1","1","0","1","1","1","1","3","2","1","3","2","2","11","3","2","2","2","10","3","3","2"
"Boruc","2","2","0","2","1","6","2","2","0","1","0","0","0","0","11","2","2","6","2","14","2","7","3","2","2","2","6","6","2"
"Bridcutt","0","0","0","0","0","0","0","0","0","0","0","0","0","0","0","0","0","0","0","0","0","0","0","0","0","0","0","0","0"
"Wasilewski","0","0","0","0","0","0","0","0","0","0","0","0","0","0","0","0","0","0","0","0","0","0","0","0","0","-1","0","0","0"
"Fellaini","0","0","0","1","2","0","0","1","1","1","1","0","0","0","3","9","1","2","0","0","4","5","1","3","3","0","0","0","0"
"Martin","1","8","7","1","2","9","1","1","-1","2","-2","0","0","0","0","1","2","1","5","6","1","1","0","0","1","1","2","1","1"
"Rantie","0","0","0","0","0","0","0","0","0","0","0","1","0","0","0","0","1","1","0","0","0","0","0","0","0","0","0","0","0"
"Roberge","0","0","0","0","0","0","0","0","0","0","0","0","0","0","0","0","0","0","0","0","0","0","0","0","0","0","0","0","0"
"Rangel","0","0","0","0","0","0","0","1","2","0","0","0","0","0","0","1","6","9","0","0","0","0","1","2","2","6","1","1","5"
"Arter","0","0","0","0","0","0","0","0","0","0","2","1","2","2","3","1","2","0","2","0","8","2","2","2","2","1","3","3","0"
"Rashford","N/A","N/A","N/A","N/A","N/A","N/A","N/A","N/A","N/A","N/A","N/A","N/A","0","0","0","0","0","0","0","0","0","0","0","0","0","0","16","2","2"
"Abeid","0","0","0","0","0","0","0","0","0","0","0","0","0","0","0","0","0","0","0","0","0","0","0","0","0","0","0","0","0"
"Bassong","1","1","1","1","2","2","1","1","-1","2","1","7","1","2","1","2","2","1","6","6","1","1","6","0","1","1","0","0","0"
"Silva","6","11","3","6","0","0","0","8","0","0","0","0","0","1","2","3","1","5","3","2","1","12","2","3","2","2","2","9","3"
"Ward","2","10","1","8","0","0","0","0","0","0","7","0","2","2","2","8","2","7","6","1","1","0","1","1","2","1","1","1","1"
"Goss","N/A","N/A","N/A","N/A","N/A","N/A","N/A","N/A","N/A","N/A","N/A","N/A","0","0","0","0","0","0","0","0","0","0","0","0","0","0","0","0","0"
"Mutch","2","1","1","0","0","1","0","0","0","0","0","1","0","0","1","1","1","1","1","0","0","1","0","1","2","2","2","2","1"
"Okore","0","0","0","0","0","0","0","0","0","0","0","0","0","0","2","1","2","2","0","0","6","2","6","1","6","-1","1","0","0"
"Arlauskis","0","0","0","0","0","0","0","0","0","0","0","0","0","1","0","0","0","0","0","0","0","0","0","0","0","0","0","0","0"
"Foster","0","0","0","0","0","0","0","0","0","0","0","0","0","0","0","0","0","0","0","0","0","0","7","3","4","7","1","2","8"
"Bogdan","0","0","0","0","0","0","0","0","0","0","0","0","0","0","0","0","1","0","0","0","0","0","0","0","0","0","0","0","N/A"
"Kenedy","N/A","N/A","N/A","1","1","0","0","0","0","0","1","0","2","1","0","0","0","0","0","0","1","1","0","0","0","0","1","9","0"
"McAuley","0","6","1","5","6","6","0","1","8","9","1","-2","0","2","2","1","7","2","6","2","-1","1","6","2","1","0","1","1","6"
"van Aanholt","0","1","1","1","2","1","1","0","0","0","2","0","6","15","1","2","1","0","2","9","11","6","9","2","1","6","2","1","2"
"Debuchy","1","0","0","0","0","0","0","0","0","0","0","2","0","0","0","0","0","0","0","0","0","0","0","0","0","0","0","0","0"
"Antonio","N/A","N/A","N/A","N/A","0","1","0","0","0","0","0","0","0","1","1","3","3","5","13","8","8","2","5","11","2","2","11","11","6"
"Koné","11","5","2","2","2","2","4","1","1","1","20","2","5","2","2","2","2","0","2","1","1","0","0","1","1","1","0","0","N/A"
"Paredes","0","0","0","0","0","0","0","1","1","1","1","4","1","2","1","0","0","0","0","0","0","1","2","5","0","0","6","0","0"
"Cook","1","1","1","2","9","6","1","2","0","0","0","0","1","0","10","2","2","6","1","7","1","6","2","1","1","1","8","15","1"
"van Wolfswinkel","0","0","0","0","0","0","0","0","0","0","0","0","0","0","0","0","0","0","0","0","0","0","0","0","0","0","0","0","0"
"Albrighton","15","5","3","2","1","1","2","2","2","3","10","2","3","2","5","5","2","2","2","2","3","2","3","3","3","2","3","2","1"
"Iheanacho","0","0","0","1","8","1","0","1","1","1","1","1","1","0","1","8","0","0","1","0","0","4","1","1","1","5","1","1","1"
"Gueye","2","1","2","2","0","0","2","2","2","2","0","3","1","2","2","2","2","2","1","2","2","3","3","2","5","2","1","1","2"
"Odemwingie","1","0","0","0","0","1","0","0","0","0","0","0","0","0","0","0","0","0","0","0","1","0","1","0","1","0","0","0","0"
"M'Vila","0","2","2","10","2","2","2","10","2","6","2","2","2","3","5","2","2","1","2","7","2","2","2","2","2","2","2","2","2"
"Arnautovic","0","10","1","1","2","5","5","9","3","2","2","9","3","2","16","3","2","8","12","1","5","3","0","2","2","0","15","3","2"
"Gazzaniga","0","0","0","0","0","0","0","0","0","0","0","0","0","0","0","3","2","0","0","0","0","0","0","0","0","0","0","0","0"
"Olsson","0","5","1","9","1","1","1","0","0","0","0","0","2","1","2","7","1","0","1","0","1","0","6","2","1","12","1","1","7"
"Bigirimana","N/A","N/A","N/A","N/A","0","0","0","0","0","0","0","0","0","0","0","0","0","0","0","0","0","0","0","0","0","0","0","0","0"
"Sigurdsson","2","3","1","5","2","3","8","2","1","8","2","2","0","2","2","2","3","3","1","8","7","2","8","10","10","2","2","4","10"
"Aké","0","0","0","0","0","1","1","2","1","7","9","1","1","0","6","8","14","0","-2","0","0","2","2","0","2","2","6","0","1"
"Courtois","-2","0","7","2","0","0","0","0","0","0","0","0","0","0","3","2","2","1","6","7","1","1","6","7","5","2","2","2","3"
"Grabban","1","1","0","0","0","1","0","0","0","0","1","0","0","7","2","0","0","0","0","0","1","0","1","0","1","0","0","1","0"
"Toney","N/A","N/A","N/A","N/A","N/A","N/A","1","0","0","0","0","0","0","0","0","0","0","0","0","0","1","0","0","0","0","0","0","0","0"
"Allen","0","0","0","0","0","0","1","1","1","0","0","0","0","0","2","0","0","1","0","1","6","0","0","1","1","0","1","0","N/A"
"Nasri","1","1","5","1","5","0","1","0","1","0","0","0","0","0","0","0","0","0","0","0","0","0","0","0","0","0","0","0","0"
"Downing","0","0","0","0","0","0","0","0","0","0","0","0","0","0","0","0","0","0","0","0","0","0","0","0","0","0","0","0","0"
"Januzaj","0","6","3","0","0","0","0","0","0","0","0","0","0","0","0","0","0","0","0","0","0","0","1","0","0","0","0","0","0"
"N'Zogbia","0","0","0","0","0","0","0","0","0","0","0","1","1","0","0","0","0","0","0","0","0","0","0","0","0","0","0","0","0"
"Touré","0","0","0","0","0","0","0","0","0","0","0","0","1","1","0","0","0","0","1","0","1","2","0","0","1","14","6","1","N/A"
"Gabriel","0","0","5","9","6","-3","0","6","0","2","0","0","0","2","0","0","0","0","14","0","0","0","2","5","7","0","1","1","1"
"Forestieri","0","0","0","0","0","0","0","0","0","0","0","0","0","0","0","0","0","0","0","0","0","0","0","0","0","0","0","0","0"
"Mignolet","6","6","6","1","1","2","1","3","7","2","2","1","2","5","1","1","0","7","8","3","1","2","0","2","1","6","6","3","N/A"
"Garbutt","0","0","0","0","0","0","0","0","0","0","0","0","0","0","0","0","0","0","0","0","0","0","0","0","0","0","0","0","N/A"
"Smith","N/A","N/A","N/A","N/A","N/A","N/A","N/A","N/A","N/A","N/A","N/A","N/A","N/A","N/A","N/A","N/A","N/A","N/A","0","1","0","0","0","0","0","0","0","0","N/A"
"Long","5","2","2","0","0","1","0","0","0","0","0","0","2","7","1","2","1","12","2","2","7","2","2","2","2","6","7","2","0"
"Gibson","0","0","0","0","0","0","1","0","0","0","0","0","1","1","0","1","0","0","0","0","0","0","0","0","0","0","0","0","N/A"
"Oscar","6","0","0","0","0","2","2","2","0","0","2","1","1","3","1","2","7","0","3","14","2","4","2","3","1","0","2","0","1"
"Mulumbu","0","0","0","0","0","0","0","0","0","0","3","1","1","0","0","0","1","2","0","0","0","0","0","2","1","0","0","0","0"
"Elliot","0","0","0","0","0","0","0","0","2","1","7","10","2","1","6","5","5","4","0","2","1","1","2","2","6","0","2","2","0"
"Barkley","9","11","2","3","9","3","2","1","2","7","2","2","19","13","2","2","9","2","5","2","3","2","2","16","3","2","2","1","N/A"
"Diouf","2","6","9","2","2","0","7","2","0","0","0","1","1","1","0","1","0","1","0","0","0","1","2","0","1","1","1","4","9"
"Deeney","4","2","2","2","5","5","2","2","2","6","2","8","6","11","11","2","5","8","4","2","1","2","6","2","1","13","2","2","2"
"Benalouane","1","0","0","1","0","0","0","1","0","0","0","0","0","0","0","0","0","0","0","0","0","0","0","0","0","0","0","0","0"
"N'Zonzi","0","0","0","0","0","0","0","0","0","0","0","0","0","0","0","0","0","0","0","0","0","0","0","0","0","0","0","0","0"
"Walker","0","0","2","6","6","8","2","0","6","2","2","2","7","5","2","1","12","7","0","2","2","0","0","6","0","2","4","0","1"
"Sakho","2","2","5","6","2","7","6","2","2","2","0","0","1","5","0","0","0","0","0","0","0","0","0","0","0","0","0","1","9"
"Brannagan","N/A","N/A","N/A","N/A","N/A","N/A","N/A","N/A","N/A","N/A","N/A","0","0","0","0","0","0","0","0","0","0","0","0","0","0","0","0","0","N/A"
"Valdés","0","0","0","0","0","0","0","0","0","0","0","0","0","0","0","0","0","0","0","0","0","0","0","0","0","0","0","0","0"
"Bertrand","0","0","0","0","0","0","2","1","0","2","11","8","2","1","2","2","1","9","0","2","6","7","6","6","6","6","0","1","1"
"Darlow","0","0","0","0","0","0","0","0","0","0","0","0","0","0","0","0","0","0","3","0","0","0","0","0","0","0","0","0","0"
"Deulofeu","0","1","1","1","0","1","10","1","1","5","13","5","3","5","2","5","2","1","6","1","3","4","2","0","0","1","0","0","N/A"
"Mertesacker","1","2","0","0","0","0","1","6","5","0","6","2","1","2","2","6","2","0","6","6","1","6","-2","0","0","2","0","1","1"
"Fonte","0","1","6","6","9","0","1","2","8","2","1","8","2","0","2","2","0","15","1","2","6","6","7","6","8","7","1","1","-1"
"Koscielny","1","2","0","7","7","1","1","0","7","10","15","2","1","1","1","8","2","0","0","15","1","7","2","6","6","0","1","0","0"
"Kompany","14","11","6","5","6","0","0","0","0","6","2","8","0","0","0","0","0","1","0","0","0","0","0","0","0","0","1","6","9"
"de Laet","1","2","2","1","10","1","0","0","0","0","0","0","0","1","0","0","1","0","1","1","0","1","0","0","0","0","0","0","0"
"Guédioura","0","0","0","0","0","1","0","1","0","1","1","0","0","1","1","1","1","1","0","1","0","0","0","0","0","0","0","0","0"
"Gray","N/A","N/A","N/A","N/A","N/A","N/A","N/A","N/A","N/A","N/A","N/A","N/A","N/A","N/A","N/A","N/A","N/A","N/A","N/A","N/A","0","1","1","1","1","1","0","1","0","0","N/A","N/A","N/A","N/A","N/A","N/A","N/A","N/A"
"Dier","1","7","1","5","9","6","7","0","0","2","2","2","2","6","2","7","6","5","2","2","1","5","1","6","6","1","2","2","0"
"Alderweireld","2","1","2","6","7","6","9","1","6","5","2","2","9","9","6","1","6","6","1","8","2","2","2","5","8","2","2","1","7"
"Eriksen","2","8","0","0","0","4","4","15","3","5","2","2","10","3","2","5","3","3","1","2","3","15","7","11","3","10","2","2","2"
"McArthur","5","4","2","2","2","2","1","3","2","2","3","2","2","14","1","3","2","3","3","2","2","2","1","1","0","0","0","0","0"
"Steven Taylor","0","1","6","0","0","0","0","0","0","0","0","0","0","0","0","0","0","0","0","0","0","0","0","0","8","-1","2","-1","0"
"Moses","0","0","0","0","6","6","1","4","5","0","1","2","2","2","1","0","0","0","0","0","0","1","1","1","2","4","1","0","0"
"Mariappa","0","0","0","0","0","0","0","0","0","2","0","0","0","0","0","0","0","0","0","0","0","0","0","0","0","0","0","0","0"
"Routledge","1","1","0","0","1","0","0","0","0","0","0","1","2","2","1","2","0","3","0","2","2","3","2","3","2","3","0","6","3"
"McCarthy","3","2","2","4","4","3","0","0","0","0","0","0","0","0","0","0","0","0","0","0","0","0","0","0","0","0","0","0","2"
"Coates","-1","1","1","0","0","0","0","0","0","1","0","2","7","7","1","2","0","0","2","1","0","0","0","0","0","0","0","0","0"
"Vertonghen","1","1","4","7","5","7","2","0","7","2","2","2","2","7","2","1","6","6","2","2","2","2","0","0","0","0","0","0","0"
"Elia","0","0","0","0","0","0","0","0","0","0","0","0","0","0","0","0","0","0","0","0","0","0","0","0","0","0","0","0","0"
"Murray","0","0","0","0","0","0","0","0","0","0","0","0","0","0","0","0","0","0","0","0","0","0","0","0","0","0","0","0","0"
"Hutton","0","0","0","1","1","2","4","2","-1","1","0","6","0","-1","1","1","2","1","1","0","0","0","0","0","0","1","0","1","0"
"Iturbe","N/A","N/A","N/A","N/A","N/A","N/A","N/A","N/A","N/A","N/A","N/A","N/A","N/A","N/A","N/A","N/A","N/A","N/A","N/A","N/A","1","0","0","0","0","1","0","0","0","0","N/A","N/A","N/A","N/A","N/A","N/A","N/A","N/A"
"Rose","0","0","0","0","0","0","0","0","0","0","0","0","0","0","0","0","0","0","0","0","0","0","0","0","0","0","0","0","0"
"Bentaleb","1","1","1","2","0","0","0","0","0","0","0","0","0","0","0","0","0","0","0","0","0","0","1","0","0","0","0","0","0"
"Blackett","0","0","0","0","0","0","0","0","0","0","0","0","0","0","0","0","0","0","0","0","0","0","0","0","0","0","0","0","0"
"Mings","0","0","0","1","0","0","0","0","0","0","0","0","0","0","0","0","0","0","0","0","0","0","0","0","0","0","0","0","0"
"Firmino","1","1","3","2","2","1","0","0","0","1","5","1","15","3","3","1","2","8","3","2","13","2","18","2","13","6","12","9","N/A"
"Sagna","6","6","9","12","7","3","0","0","1","6","2","6","0","2","1","1","7","2","6","7","9","0","1","5","0","0","0","6","6"
"Adebayor","0","0","0","0","0","0","0","0","0","0","0","0","0","0","0","0","0","0","0","0","0","0","0","1","2","7","0","1","2"
"Gomes","2","6","10","2","9","3","2","9","1","6","9","1","2","3","6","7","8","1","1","2","2","2","2","8","4","3","7","2","3"
"Shawcross","0","0","0","0","0","0","0","0","0","0","6","5","6","-3","6","6","1","6","1","1","2","6","1","0","0","0","0","0","0"
"Matic","2","2","1","2","9","3","2","1","1","-2","0","2","3","2","2","2","1","2","3","1","1","1","2","3","2","2","1","2","6"
"Whelan","2","1","2","2","2","2","1","3","3","1","3","2","3","2","3","3","2","1","2","2","2","3","2","2","2","2","2","3","1"
"Knockaert","0","0","0","0","0","0","0","0","0","0","0","0","0","0","0","0","0","0","0","0","0","0","0","0","0","0","0","0","0"
"Coloccini","1","1","6","-1","1","1","1","-1","1","-3","6","6","1","0","6","2","9","2","2","2","1","2","1","1","6","0","0","0","0"
"Bony","5","1","1","0","2","1","0","1","16","2","2","1","0","1","1","5","1","4","1","1","0","0","0","0","0","0","1","5","1"
"Hendrie","N/A","N/A","N/A","N/A","N/A","N/A","N/A","N/A","N/A","N/A","N/A","N/A","N/A","N/A","N/A","N/A","0","0","0","0","0","0","0","0","0","0","0","0","0"
"Howard","2","8","3","11","2","7","1","3","2","2","3","3","7","3","3","2","0","6","0","3","8","2","2","0","0","0","0","0","N/A"
"Jovetic","0","0","0","0","0","0","0","0","0","0","0","0","0","0","0","0","0","0","0","0","0","0","0","0","0","0","0","0","0"
"Woodman","N/A","N/A","N/A","N/A","N/A","N/A","N/A","N/A","0","0","0","0","0","0","0","0","0","0","0","0","0","0","0","0","0","0","0","0","0"
"Lascelles","0","0","0","0","0","0","0","0","0","0","1","0","0","0","0","0","0","0","0","0","0","1","7","-3","0","1","2","1","0"
"Djilobodji","N/A","N/A","N/A","N/A","0","0","0","0","0","0","0","0","0","0","0","0","0","0","0","0","0","0","0","0","0","0","0","0","0"
"Turner","0","0","0","0","0","0","0","0","0","0","0","0","0","0","0","0","0","0","0","0","0","0","0","0","0","0","0","0","0"
"Di María","0","0","0","0","0","0","0","0","0","0","0","0","0","0","0","0","0","0","0","0","0","0","0","0","0","0","0","0","0"
"De Bruyne","N/A","N/A","N/A","N/A","3","10","7","15","5","3","5","3","2","16","2","1","2","16","2","2","3","6","2","0","0","0","0","0","0"
"Oxford","6","0","0","1","0","0","0","0","0","0","0","0","0","0","0","0","0","1","0","0","0","0","0","0","0","0","0","1","1"
"Milner","2","3","3","2","1","1","10","6","2","6","2","0","2","9","2","2","0","0","0","0","5","2","11","2","5","8","13","-1","N/A"
"Gomez","11","5","5","1","1","0","0","0","0","0","0","0","0","0","0","0","0","0","0","0","0","0","0","0","0","0","0","0","N/A"
"Hoban","0","0","0","0","0","0","0","0","0","0","0","0","0","0","0","0","0","0","0","0","0","0","0","0","0","0","0","0","0"
"Barrow","0","0","0","0","0","1","0","1","1","1","1","0","0","0","1","1","1","1","2","4","2","1","0","0","1","1","1","0","1"
"Haidara","6","1","5","2","1","1","0","0","1","0","0","0","0","0","0","0","0","0","0","0","0","0","0","0","0","0","0","0","0"
"Mirallas","2","0","0","1","0","-2","0","0","0","1","1","1","1","0","0","1","6","3","0","0","0","8","1","0","1","0","11","-2","N/A"
"Allsop","N/A","N/A","N/A","N/A","N/A","N/A","N/A","N/A","N/A","N/A","0","0","0","1","0","0","0","0","0","0","0","0","0","0","0","0","0","0","0","0","N/A","N/A","N/A","N/A","N/A","N/A","N/A","N/A","N/A","N/A","N/A","N/A","N/A","N/A","N/A","N/A","N/A","N/A"
"Coutinho","10","3","3","-2","0","2","9","2","3","3","14","10","13","0","0","2","2","3","3","2","0","0","0","0","0","15","0","1","N/A"
"Vergini","0","0","0","0","0","0","0","0","0","0","0","0","0","0","0","0","0","0","0","0","0","0","0","0","0","0","0","0","0"
"Anichebe","1","0","0","0","0","0","0","0","0","0","0","0","0","0","0","0","0","0","2","0","0","2","1","1","2","1","0","1","0"
"Samuelsen","0","0","0","0","0","0","0","0","0","0","0","0","0","0","0","0","0","0","0","0","0","0","0","0","0","0","0","0","0"
"Matthews","1","0","0","0","0","0","0","0","0","0","0","0","0","0","0","0","0","0","0","0","0","0","0","0","0","0","0","0","0"
"Ramsey","2","2","3","3","3","2","2","3","8","0","0","0","0","2","13","11","2","2","2","3","11","3","2","3","6","1","1","2","7"
"Lanzini","0","1","0","9","1","1","2","5","13","2","1","10","7","3","0","0","0","0","1","0","0","0","0","0","0","0","3","3","2"
"Johnson","2","1","2","2","0","1","5","12","6","1","6","5","7","1","6","7","1","11","1","1","2","8","1","1","1","1","0","0","0"
"Pereira","0","0","0","0","0","0","0","0","0","0","0","0","1","0","0","1","0","0","0","0","0","0","0","1","0","0","0","0","0"
"Toivonen","N/A","N/A","N/A","4","3","1","2","2","0","1","0","1","0","0","2","2","1","0","0","4","0","0","0","0","0","1","0","0","0"
"Borthwick-Jackson","N/A","N/A","N/A","N/A","N/A","N/A","N/A","N/A","N/A","N/A","N/A","1","0","0","0","1","0","0","1","0","0","1","6","11","2","1","0","0","0"
"Speroni","0","0","0","0","0","0","0","0","0","0","0","0","0","0","0","0","0","0","0","0","0","0","0","0","0","0","0","0","0"
"Mahrez","15","10","10","1","11","11","2","0","4","6","15","2","9","2","21","13","15","2","3","1","3","1","6","6","14","1","3","6","11"
"van Dijk","N/A","N/A","N/A","N/A","7","0","10","2","9","2","6","8","2","1","2","2","1","6","1","2","8","6","8","6","6","9","1","1","9","2","N/A","N/A","N/A","N/A","N/A","N/A","N/A","N/A","N/A","N/A","N/A","N/A","N/A","N/A","N/A","N/A","N/A","N/A","N/A","N/A","N/A","N/A","N/A","N/A"
"Soldado","0","0","0","0","0","0","0","0","0","0","0","0","0","0","0","0","0","0","0","0","0","0","0","0","0","0","0","0","0"
"Yedlin","0","0","0","0","0","0","0","1","2","6","0","2","0","11","0","1","0","0","1","0","0","0","0","0","1","1","2","4","2"
"Pinto","N/A","N/A","N/A","N/A","N/A","N/A","N/A","N/A","N/A","N/A","N/A","N/A","N/A","N/A","N/A","N/A","N/A","N/A","N/A","N/A","0","0","0","1","0","0","2","1","2","0","N/A","N/A","N/A","N/A","N/A","N/A","N/A","N/A"
"Flamini","0","0","0","0","0","0","1","0","0","1","0","1","1","2","2","3","2","2","0","2","2","3","1","3","2","0","0","0","1"
"Hibbert","0","0","0","0","0","0","0","0","0","0","0","0","0","0","0","0","0","0","0","0","0","0","0","0","0","0","0","0","N/A"
"Williams","0","9","2","2","2","8","1","1","1","1","0","2","1","2","1","1","9","9","9","1","0","15","2","2","2","2","0","9","9"
"Afobe","N/A","N/A","N/A","N/A","N/A","N/A","N/A","N/A","N/A","N/A","N/A","N/A","N/A","N/A","N/A","N/A","N/A","N/A","N/A","N/A","2","7","8","8","2","2","2","6","2","2","N/A","N/A","N/A","N/A","N/A","N/A","N/A","N/A"
"Randall","N/A","N/A","N/A","N/A","N/A","N/A","N/A","N/A","0","0","0","0","0","0","0","0","0","0","0","0","0","0","0","0","0","0","0","0","N/A"
"Gibbs","0","1","0","0","0","0","0","1","0","1","1","7","1","0","1","1","1","0","6","1","1","0","0","0","1","0","0","0","1"
"Gestede","6","1","1","2","1","1","13","2","2","2","1","1","1","1","2","1","1","5","1","1","0","7","1","0","0","0","4","5","1"
"Rodriguez","2","1","1","1","2","0","1","1","1","0","0","0","0","0","0","0","0","0","0","0","0","0","0","0","0","0","0","0","0"
"Bunn","0","0","0","0","0","0","0","0","0","0","0","0","0","0","0","0","0","0","0","0","6","10","6","2","7","0","2","0","0"
"Wollscheid","1","0","0","0","0","0","2","6","8","1","6","8","6","1","6","8","1","6","0","1","2","6","1","0","1","2","2","9","2"
"Fernandinho","2","9","2","10","3","2","2","5","2","2","2","3","1","2","1","2","2","2","3","2","0","0","0","2","2","2","1","3","3"
"Origi","0","0","0","0","1","0","0","0","2","1","0","1","0","0","1","7","1","1","0","0","0","0","0","0","0","5","2","2","N/A"
"Lambert","2","1","1","3","1","1","1","0","1","1","5","1","1","4","0","1","1","2","1","2","0","0","0","0","0","0","0","0","0"
"Cole","0","0","0","0","0","0","0","0","0","0","0","0","0","0","0","0","0","0","0","0","0","0","0","0","0","0","0","0","0"
"Chiriches","0","0","0","0","0","0","0","0","0","0","0","0","0","0","0","0","0","0","0","0","0","0","0","0","0","0","0","0","0"
"Sanogo","0","0","0","0","0","0","0","0","0","0","0","0","0","0","0","0","0","0","0","0","0","0","0","0","0","0","0","0","0"
"Tettey","0","1","1","2","1","1","2","2","2","2","1","3","0","0","1","2","10","1","3","11","1","2","0","1","0","0","2","1","0"
"Depay","3","3","3","1","1","5","8","1","0","0","0","0","9","1","1","2","2","1","1","0","1","1","0","1","1","1","2","3","1"
"Elliott Bennett","0","0","0","0","0","0","0","0","0","0","0","0","0","0","0","0","0","0","0","0","0","0","0","0","0","0","0","0","0"
"Lee Chung-yong","0","1","0","1","1","0","0","0","0","0","0","0","0","1","0","0","8","0","1","2","0","1","0","2","1","1","0","0","0"
"Noble","2","2","8","5","6","2","2","1","2","2","2","2","1","0","3","3","3","2","3","7","2","2","1","5","2","9","3","3","5"
"Berghuis","0","1","0","0","1","1","1","0","1","0","0","0","0","0","0","0","0","0","0","0","0","0","0","0","0","0","0","0","0"
"Buckley","0","0","0","0","0","0","0","0","0","0","0","0","0","0","0","0","0","0","0","0","0","0","0","0","0","0","0","0","0"
"Forster","0","0","0","0","0","0","0","0","0","0","0","0","0","0","0","0","0","0","0","0","6","6","6","12","6","6","1","1","2"
"Butcher","N/A","N/A","N/A","N/A","N/A","N/A","N/A","N/A","N/A","N/A","N/A","N/A","N/A","N/A","0","0","0","0","0","0","0","0","0","0","0","0","0","0","0","0","N/A","N/A","N/A","N/A","N/A","N/A","N/A","N/A","N/A","N/A","N/A","N/A","N/A","N/A"
"Campbell","N/A","N/A","N/A","0","0","0","0","0","0","0","8","2","1","1","8","2","2","2","1","1","5","2","1","2","0","0","0","9","1"
"Mbabu","N/A","N/A","N/A","N/A","N/A","N/A","1","0","0","0","0","1","0","0","0","0","0","0","0","0","0","0","0","0","0","0","0","0","0"
"Chester","0","0","0","0","0","0","1","0","0","0","0","0","0","0","0","0","0","0","0","0","0","0","0","0","1","6","-1","1","6"
"Mason","1","3","1","3","10","0","0","0","0","1","1","1","1","1","0","0","0","0","0","0","0","0","0","0","0","0","1","2","1"
"Kramaric","0","0","0","0","0","0","1","0","0","0","0","0","0","0","0","0","0","1","0","0","0","0","0","0","0","0","0","0","0"
"Butland","2","2","4","3","4","7","3","6","6","1","11","10","6","2","7","11","1","9","1","2","2","7","1","1","2","2","2","8","5"
"Willian","6","2","1","2","1","0","8","7","7","1","2","2","2","3","2","2","10","5","3","13","5","2","3","3","2","13","6","1","2"
"Atsu","0","0","0","0","0","0","0","0","0","0","0","0","0","0","0","0","0","0","0","0","0","0","0","0","0","0","0","0","0"
"Moreno","0","1","1","1","1","8","1","2","6","2","2","1","2","9","1","1","1","7","5","1","1","2","1","1","0","6","0","1","N/A"
"Walters","2","1","0","0","0","7","10","3","0","1","3","3","3","2","1","1","1","0","1","6","7","3","2","2","0","5","3","3","0"
"Cork","0","3","2","2","2","2","1","1","1","1","0","0","0","1","1","2","3","1","3","2","1","3","0","2","2","2","5","7","3"
"Rondón","N/A","1","5","7","2","2","2","2","2","8","6","1","2","2","2","5","-1","0","0","0","2","1","2","8","1","8","5","6","9"
"Pritchard","0","0","0","1","0","0","0","0","0","0","0","0","0","0","0","0","0","0","0","0","0","0","0","0","1","0","0","0","0"
"Varela","0","0","0","0","0","0","0","0","0","0","0","0","0","0","1","1","0","0","0","0","0","0","0","0","0","0","0","6","0"
"Özil","2","7","3","0","5","2","5","13","12","5","10","8","8","10","6","6","11","2","14","2","2","0","2","3","10","8","11","2","2"
"Elphick","2","2","1","2","1","0","0","0","0","0","0","0","0","0","0","0","0","0","0","0","0","0","0","0","0","0","0","0","0"
"Remy","0","0","0","0","0","4","2","1","1","0","0","1","0","0","1","7","1","0","0","0","0","1","1","0","0","0","0","0","1"
"Lovren","5","8","6","1","1","0","0","0","0","0","1","1","2","7","1","1","0","7","6","1","0","0","0","1","1","0","6","2","N/A"
"Ryan Bennett","0","0","0","0","0","0","0","0","0","2","1","6","2","2","0","4","2","1","5","8","-1","1","0","0","0","0","1","-1","1"
"Thauvin","N/A","N/A","1","1","1","2","0","1","0","1","0","1","2","0","1","0","1","1","1","1","0","0","0","0","0","0","0","0","0"
"Cuadrado","0","1","0","0","0","0","0","0","0","0","0","0","0","0","0","0","0","0","0","0","0","0","0","0","0","0","0","0","0"
"McNair","0","0","0","0","0","1","0","0","0","0","0","0","1","2","1","1","0","0","0","1","0","0","1","0","0","0","0","1","0"
"Aarons","0","1","0","0","1","1","0","0","0","0","0","0","0","0","0","0","0","0","0","0","0","0","1","1","3","2","0","1","0"
"Shaqiri","0","7","2","2","2","1","0","2","1","3","3","3","3","11","0","1","3","13","2","0","0","1","0","2","5","7","9","2","1"
"Manquillo","0","0","0","0","0","0","0","0","0","0","0","0","0","0","0","0","0","0","0","0","0","0","0","0","0","0","0","0","N/A"
"Colback","1","2","3","2","1","1","0","0","2","0","0","0","0","2","2","1","2","1","2","1","2","2","0","0","0","4","2","2","0"
"Macey","N/A","N/A","N/A","N/A","N/A","N/A","N/A","N/A","0","0","0","0","0","0","0","0","0","0","0","0","0","0","0","0","0","0","0","0","0"
"Fernández","-1","6","2","2","2","9","1","0","2","2","1","2","0","0","0","4","8","6","0","1","0","8","2","2","1","2","1","0","6"
"Emnes","0","0","0","0","0","0","0","0","0","0","0","0","0","0","0","0","0","0","1","0","0","0","0","0","0","0","0","0","0"
"Moha","0","0","0","0","0","0","0","0","0","0","0","0","0","0","0","0","0","0","0","0","0","0","0","0","0","0","0","0","0"
"Caballero","0","0","0","0","0","0","1","0","0","0","0","0","0","4","0","0","0","0","0","0","0","0","0","0","0","0","0","0","0"
"Schmeichel","2","2","3","2","1","1","2","2","2","7","1","3","6","2","6","2","1","3","10","6","7","3","6","6","3","2","6","1","9"
"Amalfitano","0","0","0","0","0","0","0","0","0","0","0","0","0","0","0","0","0","0","0","0","0","0","0","0","0","0","0","0","0"
"Pugh","3","0","6","1","0","3","5","1","1","2","1","0","0","0","0","0","1","0","1","0","0","9","1","7","2","0","0","1","4"
"Flanagan","0","0","0","0","0","0","0","0","0","0","0","0","0","0","0","0","0","0","0","0","0","0","0","0","0","0","6","2","N/A"
"Fernando","0","0","0","0","0","0","2","2","1","3","0","3","2","1","2","0","0","0","0","0","3","3","0","1","0","2","2","0","3"
"Beadling","N/A","N/A","N/A","N/A","N/A","N/A","N/A","N/A","N/A","N/A","N/A","N/A","N/A","N/A","N/A","N/A","N/A","N/A","0","0","0","0","0","0","0","0","0","0","0"
"Federici","0","0","0","0","0","0","0","0","2","0","1","2","1","1","0","0","0","0","0","0","0","0","0","0","0","0","0","0","0"
"McManaman","1","1","4","1","3","0","0","1","0","0","4","1","0","0","0","0","0","0","0","1","0","0","1","0","0","0","0","0","0"
"Francis","2","2","6","2","3","8","1","2","0","0","0","2","1","1","6","2","2","7","1","-2","1","6","2","1","1","0","9","6","2"
"Dzeko","0","0","0","0","0","0","0","0","0","0","0","0","0","0","0","0","0","0","0","0","0","0","0","0","0","0","0","0","0"
"Graham","0","1","2","4","0","0","0","0","1","0","0","0","1","0","0","0","1","2","0","1","1","1","0","0","0","0","0","0","0"
"Cissokho","0","0","0","0","0","0","0","0","0","0","0","0","0","0","0","0","0","0","0","1","8","1","8","1","6","-1","1","1","0"
"Herrera","1","0","0","2","9","0","0","0","14","3","3","1","4","0","0","0","1","2","3","2","1","3","2","1","1","0","6","3","3"
"Doyley","0","0","0","0","0","0","0","0","0","0","0","0","0","0","0","0","0","0","0","0","0","0","0","0","0","0","0","0","0"
"Inler","N/A","N/A","1","0","2","1","0","0","0","0","0","0","0","0","0","1","0","0","3","0","0","0","0","0","0","0","0","0","0","0","N/A","N/A","N/A","N/A","N/A","N/A","N/A","N/A","N/A","N/A","N/A","N/A","N/A","N/A","N/A","N/A","N/A","N/A","N/A","N/A","N/A","N/A","N/A","N/A","N/A","N/A"
"Djuricic","0","0","0","0","0","0","0","0","0","0","0","0","0","0","0","0","0","0","0","0","0","0","0","0","0","0","0","0","0"
"Jenkinson","0","0","-3","0","1","2","1","6","8","2","1","2","0","2","1","0","0","1","0","1","1","1","1","0","0","0","0","0","0"
"Clasie","0","0","0","0","0","0","0","0","1","3","3","3","2","0","0","0","2","3","0","2","3","0","3","0","2","2","1","0","3"
"Collins","0","0","0","0","0","1","0","1","2","2","-2","0","0","0","0","6","6","1","2","9","2","1","1","5","2","0","6","6","0"
"Stanislas","0","0","0","0","1","0","0","0","0","0","1","2","4","14","3","7","3","3","1","3","2","3","8","0","1","2","1","0","0"
"Nolan","1","0","1","0","0","0","0","0","0","0","0","0","0","0","0","0","0","0","0","0","0","0","0","0","0","0","0","0","0"
"Lucas","N/A","N/A","N/A","N/A","0","0","0","0","0","0","0","0","0","0","0","0","0","0","0","0","0","0","0","0","0","0","0","0","0","0","N/A","N/A","N/A","N/A","N/A","N/A","N/A","N/A","N/A","N/A","N/A","N/A","N/A","N/A","N/A","N/A","N/A","N/A","N/A","N/A","N/A","N/A","N/A","N/A"
"Darmian","8","7","5","1","1","1","6","-1","6","1","5","0","0","2","8","0","0","0","6","1","1","6","1","5","2","1","0","1","2"
"Song","N/A","N/A","N/A","N/A","0","0","0","0","0","0","0","0","1","0","3","3","3","1","1","0","1","0","3","2","2","2","0","0","1"
"Rivière","0","0","0","0","0","0","0","0","0","0","0","0","0","0","0","0","0","0","0","0","0","0","1","0","0","0","1","1","0"
"Evans","N/A","N/A","N/A","N/A","N/A","N/A","0","0","0","0","0","0","0","0","0","0","0","0","0","0","0","0","0","0","0","0","0","0","0"
"Hooiveld","0","0","0","0","0","0","0","0","0","0","0","0","0","0","0","0","0","0","0","0","0","0","0","0","0","0","0","0","0"
"Henderson","3","4","0","0","0","0","0","0","0","0","0","0","0","1","0","13","2","3","3","0","2","2","7","2","2","6","3","1","N/A"
"Lallana","3","3","0","0","0","1","0","1","3","3","2","6","2","3","1","5","2","2","6","1","2","3","8","2","9","0","14","2","N/A"
"Ekstrand","0","0","0","0","0","0","0","0","0","0","0","0","0","0","0","0","0","0","0","0","0","0","0","0","0","0","0","0","0"
"Gradel","1","2","8","5","0","0","0","0","0","0","0","0","0","0","0","0","0","0","0","0","0","0","0","0","0","0","3","3","3"
"Muniesa","2","0","2","2","1","0","0","0","0","0","0","0","0","0","0","0","0","0","0","0","0","0","0","1","1","1","0","7","2"
"Rudd","0","0","0","0","0","0","0","0","0","0","0","0","0","0","2","2","2","3","8","7","1","1","0","2","1","0","0","0","0"
"McGugan","0","0","0","0","0","0","0","0","0","0","0","0","0","0","0","0","0","0","0","0","0","0","0","0","0","0","0","0","0"
"Wickham","1","2","0","2","0","0","0","0","0","0","0","1","2","8","1","2","7","0","0","0","1","2","2","0","0","4","13","13","0"
"Coleman","0","11","1","6","2","0","0","0","0","1","1","2","10","5","2","2","1","6","0","1","0","0","1","5","13","2","6","1","N/A"
"Knoyle","N/A","N/A","N/A","0","0","0","0","0","0","0","0","0","0","0","0","0","0","0","0","0","0","0","0","0","0","0","0","0","0"
"Nugent","0","0","0","0","0","0","0","0","0","0","0","0","0","0","0","0","0","0","0","0","0","0","0","0","0","0","0","0","0"
"O'Shea","0","0","2","1","2","0","1","1","2","1","0","0","6","6","1","2","0","0","0","2","1","0","2","2","1","1","2","1","1"
"Barry","2","3","2","2","2","2","2","2","2","-1","2","2","3","2","8","2","2","2","2","2","3","2","6","3","3","1","2","1","N/A"
"Osman","0","0","0","0","0","0","0","0","0","0","1","0","1","0","0","0","0","1","0","0","3","0","0","0","1","1","0","0","N/A"
"Cabaye","10","2","1","1","2","2","9","14","9","2","2","2","2","2","3","11","0","1","2","0","2","1","2","0","2","2","1","2","3"
"Son","N/A","N/A","N/A","0","2","9","2","0","0","0","0","1","5","2","1","1","1","1","8","1","1","1","2","2","1","2","2","1","1","0","N/A","N/A","N/A","N/A","N/A","N/A","N/A","N/A","N/A","N/A","N/A","N/A","N/A","N/A","N/A","N/A","N/A","N/A","N/A","N/A","N/A","N/A","N/A","N/A","N/A"
"Behrami","2","3","3","2","0","0","0","0","0","1","1","0","0","0","0","0","4","0","1","0","0","2","1","3","1","4","2","2","0"
"Kean","N/A","N/A","N/A","N/A","0","0","0","0","0","0","0","0","0","0","0","0","0","0","0","0","0","0","0","0","0","0","0","0","0","0","N/A","N/A","N/A","N/A","N/A","N/A","N/A","N/A","N/A","N/A","N/A","N/A","N/A","N/A","N/A","N/A","N/A","N/A","N/A","N/A","N/A","N/A","N/A","N/A"
"Ki Sung-yueng","1","0","0","1","0","1","2","2","1","2","1","2","2","2","1","2","3","10","0","2","2","6","2","1","0","0","2","1","0"
"Belkalem","N/A","N/A","N/A","N/A","0","0","0","0","0","0","0","0","0","0","0","0","0","0","0","0","0","0","0","0","0","0","0","0","0"
"Demichelis","1","1","0","0","1","1","-1","0","0","1","1","0","0","1","1","0","0","1","0","1","6","6","0","6","1","0","0","0","0"
"Ivanovic","1","0","1","1","1","5","0","1","0","0","0","0","8","6","2","1","14","1","8","6","5","1","12","6","2","2","10","2","2"
"Abdi","0","1","0","2","3","1","2","2","2","11","3","2","2","2","1","3","3","2","1","2","2","0","1","1","1","1","1","3","1"
"Dyer","0","0","0","0","0","0","0","0","0","0","0","0","0","0","0","0","0","0","0","0","0","0","0","0","0","0","0","0","0"
"Bardsley","0","0","0","0","0","0","0","0","0","0","0","0","0","0","0","0","0","0","0","0","0","0","0","2","0","0","5","1","0"
"Kouyaté","9","5","8","3","3","0","8","2","2","1","2","2","2","2","3","2","3","1","2","3","0","2","2","8","0","0","3","3","2"
"Taylor","1","8","2","2","2","6","4","1","2","2","1","2","1","2","1","0","7","6","5","1","0","7","5","1","2","2","1","0","5"
"Joselu","0","4","1","0","1","0","0","1","2","2","0","0","0","0","1","0","0","0","5","4","7","2","2","0","1","5","1","0","1"
"Hooper","1","0","0","1","0","0","0","0","0","0","0","0","0","0","0","0","0","0","0","0","0","0","0","0","0","0","0","0","0"
"Mata","2","9","3","7","6","7","14","2","1","2","3","9","3","2","3","2","2","2","3","2","1","1","1","3","2","4","2","11","-2"
"Martina","1","0","0","1","0","0","0","0","0","0","0","0","0","0","0","0","0","13","1","2","0","1","0","0","0","0","0","0","2"
"José Enrique","0","0","0","0","0","0","0","0","0","0","0","0","0","0","0","0","0","0","0","0","0","0","0","0","0","0","0","0","N/A"
"Kirchhoff","N/A","N/A","N/A","N/A","N/A","N/A","N/A","N/A","N/A","N/A","N/A","N/A","N/A","N/A","N/A","N/A","N/A","N/A","N/A","N/A","0","0","0","2","2","1","2","2","6"
"Sterry","N/A","N/A","N/A","N/A","N/A","N/A","N/A","N/A","N/A","N/A","N/A","N/A","0","0","0","0","0","0","0","0","0","0","0","0","0","0","0","0","0"
"Andreu","0","0","0","0","0","0","0","0","0","0","0","0","0","0","0","0","0","0","0","0","0","0","0","0","0","0","0","0","0"
"Puncheon","5","2","4","2","3","2","2","3","2","2","3","1","1","2","5","3","2","3","3","2","2","2","2","2","0","0","0","0","0"
"Brown","0","0","0","0","0","0","0","0","0","0","-1","0","0","0","0","0","0","0","2","1","1","0","2","0","0","0","0","0","0"
"Lafferty","0","0","0","0","0","0","0","1","0","0","0","0","0","0","0","0","0","0","0","0","0","0","0","0","0","0","0","0","0"
"Barker","N/A","N/A","N/A","N/A","N/A","N/A","0","0","0","0","0","0","0","0","0","0","0","0","0","0","0","0","0","0","0","0","0","0","0"
"Rodwell","1","0","2","2","1","1","0","1","0","0","0","1","0","0","1","2","1","0","1","0","1","1","1","0","0","2","1","1","2"
"Grimes","0","0","0","0","0","0","0","0","0","0","0","0","0","0","0","0","0","0","3","0","0","0","0","0","0","0","0","0","0"
"Bojan","0","0","0","0","1","8","2","1","9","2","1","2","8","1","2","2","9","11","5","2","1","2","0","1","0","0","1","0","1"
"Ibe","3","3","1","1","1","0","0","0","1","1","4","2","1","6","2","1","1","0","1","2","2","1","1","0","1","0","1","0","N/A"
"Pellè","5","1","2","9","2","13","8","14","2","2","6","1","1","0","2","1","2","0","0","0","1","0","0","1","2","2","1","1","2"
"Jelavic","N/A","N/A","N/A","N/A","0","1","0","1","3","0","1","1","4","1","0","1","2","0","0","0","2","6","1","1","0","0","0","0","0"
"Marveaux","N/A","N/A","N/A","N/A","0","0","0","0","0","0","0","0","0","0","0","0","0","0","0","0","0","0","0","0","0","0","0","0","0"
"Powell","N/A","N/A","N/A","N/A","N/A","N/A","N/A","N/A","N/A","N/A","N/A","N/A","N/A","N/A","N/A","1","0","0","0","0","0","0","0","0","0","0","0","0","0"
"Spiegel","N/A","N/A","0","0","0","0","0","0","0","0","0","0","0","0","0","0","0","0","0","0","0","0","0","0","0","0","0","0","0"
"Delph","0","0","1","1","0","0","0","0","0","0","0","1","1","9","1","1","1","1","0","0","0","10","2","0","1","0","0","0","0"
"Bond","0","0","0","0","0","0","0","0","0","0","0","0","0","0","0","0","0","0","0","0","0","0","0","0","0","0","0","0","0"
"Berahino","2","2","0","0","1","9","8","1","9","2","2","1","1","0","0","0","1","1","1","1","1","1","1","1","1","2","7","2","2"
"Adelaide","0","0","0","0","0","0","0","0","0","0","0","0","0","0","0","0","0","0","0","0","0","0","0","0","0","0","0","0","0"
"Drinkwater","2","2","3","2","6","4","4","2","2","3","5","2","3","2","3","1","0","0","3","3","3","2","14","3","2","2","3","9","3"
"Baines","0","0","0","0","0","0","0","0","0","0","0","0","0","0","1","2","1","6","0","2","6","9","1","0","0","0","1","0","N/A"
"Gayle","0","0","1","0","1","0","2","2","1","0","1","0","0","0","1","0","0","0","0","0","0","0","0","0","0","0","1","0","1"
"Pedro","N/A","N/A","13","7","2","3","1","1","3","0","0","2","3","3","1","5","9","2","3","3","1","2","0","0","1","15","1","0","0"
"Watson","1","0","1","1","1","2","2","2","2","3","3","2","1","5","2","3","3","5","2","5","2","2","2","3","2","2","2","2","2"
"Solanke","0","0","0","0","0","0","0","0","0","0","0","0","0","0","0","0","0","0","0","0","0","0","0","0","0","0","0","0","0"
"Lee","0","0","0","0","0","0","0","0","0","0","0","0","0","0","0","0","0","0","0","0","0","0","0","0","0","0","0","0","0"
"Vorm","2","0","0","0","0","0","0","0","0","0","0","0","0","0","0","0","0","0","0","0","0","0","0","0","0","0","0","0","0"
"Crespo","0","0","0","0","0","0","0","2","0","0","0","0","0","0","0","0","0","0","0","0","0","0","0","0","0","0","0","0","0"
"Pocognoli","0","0","0","0","0","0","0","0","0","0","0","0","0","0","0","0","0","0","0","0","0","0","0","0","0","0","0","0","4"
"Davies","2","3","2","0","6","6","2","0","0","0","1","0","0","0","0","0","6","11","0","2","2","0","0","0","6","0","0","1","1"
"Mikel","0","0","1","0","4","1","0","0","0","0","1","0","0","0","0","0","1","1","2","3","2","2","2","3","2","0","2","1","2"
"Dodoo","N/A","N/A","N/A","1","0","0","0","0","0","0","0","0","0","0","0","0","0","0","0","0","0","0","0","0","0","0","0","0","0","0","N/A","N/A","N/A","N/A","N/A","N/A","N/A","N/A","N/A","N/A","N/A","N/A","N/A","N/A","N/A","N/A","N/A","N/A","N/A","N/A","N/A","N/A","N/A","N/A","N/A"
"Oriol Romeu","0","2","3","0","1","0","0","0","0","1","1","0","1","6","2","0","1","1","0","3","1","1","3","1","2","2","2","2","2"
"Myhill","2","10","1","8","9","7","1","3","8","8","1","1","1","3","2","3","2","2","6","2","0","1","0","0","0","0","0","0","0"
"Cahill","1","1","1","0","0","6","1","1","0","7","1","0","0","6","2","0","0","4","0","0","0","0","0","0","1","2","2","2","2"
"Odjidja-Ofoe","0","0","0","0","0","0","0","0","0","0","0","0","0","1","1","0","0","2","1","4","5","1","0","1","0","0","0","0","0"
"Giroud","2","7","2","1","5","1","5","1","5","6","6","2","7","2","4","6","8","2","5","5","13","2","1","2","5","5","1","2","1"
"Ayew","1","1","0","0","1","0","0","1","1","9","4","2","2","6","2","2","8","9","1","0","2","2","2","-2","0","0","0","2","2"
"Ogbonna","5","1","0","7","1","0","0","0","0","1","0","0","0","2","6","6","6","1","2","6","2","1","0","0","0","1","8","8","0"
"Zárate","8","2","0","0","0","0","1","1","1","9","1","0","1","9","2","2","1","2","1","0","0","0","0","0","0","0","0","0","0"
"Vardy","5","1","5","8","6","6","12","9","13","5","7","9","7","9","5","7","8","2","2","2","2","4","7","13","2","7","5","2","2"
"Layún","7","1","0","1","0","0","0","0","0","0","0","0","0","0","0","0","0","0","0","0","0","0","0","0","0","0","0","0","0"
"Anya","2","3","3","1","3","2","2","2","2","3","6","2","2","1","3","1","1","1","2","0","1","0","0","0","0","0","0","1","1"
"Anita","2","2","3","1","1","0","5","1","1","1","3","3","1","2","2","2","2","2","1","0","0","0","0","0","0","0","0","2","0"
"Juanmi","0","0","0","1","0","0","1","0","0","1","0","1","1","1","1","0","1","1","1","0","0","0","0","1","0","0","0","0","1"
"Bartley","0","0","0","1","0","0","0","0","0","0","0","0","0","1","1","0","0","0","1","0","0","0","0","0","0","0","0","0","0"
"Amavi","9","2","1","5","0","1","4","2","1","0","0","7","0","0","0","0","0","0","0","0","0","0","0","0","0","0","0","0","0"
"Reid","6","1","0","6","6","2","1","0","0","0","0","2","0","0","9","0","0","0","0","0","0","0","1","9","2","0","0","0","0"
"Besic","0","0","0","0","1","0","0","0","0","0","0","0","0","0","0","0","0","1","0","1","2","2","1","0","0","0","0","1","N/A"
"Fàbregas","2","2","2","2","2","6","2","2","3","0","1","1","9","3","2","1","2","1","0","3","2","13","3","3","2","5","10","1","1"
"Sterling","3","3","6","9","0","2","2","1","19","1","4","3","2","5","2","1","1","6","3","1","3","0","1","1","2","2","1","6","1"
"Surman","2","2","2","2","2","3","2","2","2","2","2","2","2","2","2","2","7","3","2","3","5","3","1","2","2","1","2","3","2"
"Gooch","N/A","N/A","N/A","0","0","0","0","0","0","0","0","0","0","0","0","0","0","0","0","0","0","0","0","0","0","0","0","0","0"
"Ibarbo","N/A","N/A","N/A","N/A","0","0","1","1","1","0","0","0","0","0","0","0","0","0","0","0","1","0","0","0","0","0","0","0","0"
"Fletcher","1","3","2","3","3","3","2","2","3","3","2","2","2","2","5","2","1","2","11","2","8","1","3","2","2","2","2","5","3"
"Mitrovic","0","0","2","-2","0","0","2","6","6","2","1","2","2","0","0","11","1","2","2","2","11","2","2","1","7","2","2","1","0"
"Maiga","1","1","5","0","0","0","0","0","0","0","0","0","0","0","0","0","0","0","0","0","0","0","0","0","0","0","0","0","0"
"Robles","0","0","0","0","0","0","0","0","0","0","0","0","0","0","0","0","0","0","0","0","0","0","0","7","7","2","3","0","N/A"
"Jones","-1","1","2","1","1","0","0","1","2","15","-1","2","11","0","0","2","1","-1","2","2","1","0","1","1","1","0","0","0","0"
"Azpilicueta","6","1","7","2","0","7","1","1","6","0","4","2","1","5","0","1","2","1","9","7","6","1","6","9","2","5","2","2","2"
"Navas","6","3","3","1","3","2","1","4","9","1","2","3","1","0","1","5","1","0","1","1","3","1","2","6","0","0","1","6","3"
"Gardner","N/A","N/A","N/A","N/A","0","0","0","0","0","0","0","0","0","0","0","0","0","0","0","0","0","0","0","0","0","0","0","0","0","0","N/A","N/A","N/A","N/A","N/A","N/A","N/A","N/A","N/A","N/A","N/A","N/A","N/A","N/A","N/A","N/A","N/A","N/A","N/A","N/A","N/A","N/A","N/A","N/A"
"Ings","0","0","0","0","2","7","2","9","0","0","0","0","0","0","0","0","0","0","0","0","0","0","0","0","0","0","0","0","N/A"
"Veretout","3","2","0","0","0","1","1","2","0","0","0","3","2","5","6","2","7","4","1","2","5","2","1","2","6","1","2","4","1"
"Tiendalli","0","0","0","0","0","0","0","0","0","0","0","0","0","0","0","0","0","0","0","0","0","0","0","0","0","0","0","0","0"
"Dorrans","2","2","2","2","1","1","2","1","1","0","0","0","1","2","2","0","0","1","3","0","0","1","5","0","0","1","0","0","0"
"Adrián","11","-1","0","0","0","4","2","1","2","2","2","3","2","3","6","7","6","4","3","6","3","3","1","6","2","1","9","8","9"
"Kinsella","0","0","0","0","0","0","0","0","0","0","0","0","0","0","0","0","0","0","0","0","0","0","0","0","0","0","0","0","0"
"Pozo","0","0","0","0","0","0","0","0","0","0","0","0","0","0","0","0","0","0","0","0","0","0","0","0","0","0","0","0","0"
"Cameron","2","1","2","2","1","1","2","6","7","1","0","1","1","0","6","6","0","6","1","-2","0","0","0","0","0","0","2","6","2"
"Morgan","1","2","2","2","1","1","0","2","1","6","1","2","6","2","6","2","1","2","6","6","6","2","6","6","1","1","6","1","5"
"Bamford","0","1","0","0","0","1","0","0","0","1","0","0","1","1","0","0","0","0","1","0","0","0","0","0","1","0","1","0","1"
"Johnstone","0","0","0","0","0","0","0","0","0","0","0","0","0","0","0","0","0","0","0","0","0","0","0","0","0","0","0","0","0"
"Sheyi Ojo","0","0","0","0","0","0","0","0","0","0","0","0","0","0","0","0","0","0","0","0","0","0","0","0","0","0","0","0","N/A"
"Prödl","1","7","6","0","6","2","1","2","1","0","0","0","0","0","0","0","0","0","1","0","0","0","0","5","1","2","0","2","2"
"Kane","2","2","2","2","2","2","7","0","2","17","8","8","13","1","1","2","6","13","7","2","2","10","5","13","2","6","2","2","6"
"Iwobi","N/A","N/A","N/A","N/A","N/A","N/A","N/A","N/A","N/A","N/A","1","0","0","0","0","0","0","1","1","0","0","1","0","0","0","0","1","0","0"
"Bannan","0","0","0","0","0","0","0","0","0","0","0","0","0","0","0","0","0","0","0","0","0","0","0","0","0","0","0","0","0"
"Young","3","1","0","1","4","0","4","1","0","0","1","3","1","1","0","0","2","1","3","5","2","1","0","0","0","0","0","0","0"
"Ireland","0","4","1","1","1","1","0","0","1","0","0","0","0","0","0","0","0","0","0","0","0","0","0","0","1","1","0","0","1"
"Oularé","N/A","N/A","N/A","N/A","0","0","0","0","0","0","0","0","0","0","0","0","0","0","0","0","0","1","0","0","0","0","0","0","1"
"Hamer","0","0","0","0","0","0","0","0","0","0","0","0","0","0","0","0","0","0","0","0","0","0","0","0","0","0","0","0","0"
"Morrison","2","3","12","3","0","5","5","2","0","0","1","2","7","2","1","2","1","2","3","6","1","0","0","0","0","0","0","0","0"
"Mangala","6","5","5","6","5","0","0","1","2","0","0","0","-2","0","0","1","1","2","5","2","0","0","0","0","0","0","0","0","0"
"Wright","N/A","N/A","N/A","N/A","0","0","0","0","0","0","0","0","0","0","0","0","0","0","0","0","0","0","0","0","0","0","0","0","0"
"N'Jie","N/A","N/A","0","0","0","1","4","1","2","1","0","0","0","1","1","0","0","0","0","0","0","0","0","0","0","0","0","0","0","0","N/A","N/A","N/A","N/A","N/A","N/A","N/A","N/A","N/A","N/A","N/A","N/A","N/A","N/A","N/A","N/A","N/A","N/A","N/A","N/A","N/A","N/A","N/A","N/A","N/A","N/A"
"Cabella","0","0","0","0","0","0","0","0","0","0","0","0","0","0","0","0","0","0","0","0","0","0","0","0","0","0","0","0","0"
"Bennett","N/A","N/A","N/A","0","0","0","0","0","0","0","0","0","0","0","0","0","0","0","0","0","0","0","0","0","0","0","0","0","0","0","N/A","N/A","N/A","N/A","N/A","N/A","N/A","N/A","N/A","N/A","N/A","N/A","N/A","N/A","N/A","N/A","N/A","N/A","N/A","N/A","N/A","N/A","N/A","N/A","N/A"
"Cattermole","1","2","1","1","1","0","1","1","2","3","1","0","3","3","0","0","0","1","2","1","2","0","2","2","2","2","2","1","0"
"Kolarov","7","9","15","6","9","0","0","2","0","6","0","7","3","7","1","0","1","2","5","3","0","1","0","1","1","1","1","0","0"
"O'Kane","1","1","2","1","2","1","0","1","5","1","0","0","0","0","0","1","0","1","1","0","0","1","0","0","0","0","0","0","0"
"Kingsley","N/A","N/A","N/A","N/A","N/A","N/A","N/A","N/A","N/A","N/A","N/A","N/A","N/A","N/A","N/A","N/A","N/A","N/A","0","0","0","0","0","0","0","0","0","2","0","0","N/A","N/A","N/A","N/A","N/A","N/A","N/A","N/A","N/A","N/A"
"Parfitt-Williams","N/A","N/A","N/A","N/A","N/A","N/A","N/A","N/A","N/A","N/A","N/A","N/A","N/A","N/A","N/A","N/A","N/A","0","0","0","0","0","0","0","0","0","0","0","0"
"Rossiter","N/A","N/A","1","0","0","0","0","0","0","0","0","0","0","0","0","0","0","0","0","0","0","0","0","0","0","0","0","0","N/A"
"Carrick","1","1","1","1","3","1","3","2","1","0","0","3","0","2","0","2","2","2","0","1","0","0","0","3","2","1","1","0","2"
"Ighalo","6","2","2","2","9","13","2","9","2","7","13","2","5","12","10","7","13","6","5","2","2","2","12","2","2","2","2","2","2"
"Rodríguez","N/A","N/A","N/A","N/A","0","0","0","0","0","0","0","0","0","0","0","0","0","0","0","0","0","0","0","0","0","0","0","0","N/A"
"Winks","N/A","N/A","N/A","N/A","0","0","0","0","0","0","0","0","0","0","0","0","0","0","0","0","0","0","0","0","0","0","0","0","0","0","N/A","N/A","N/A","N/A","N/A","N/A","N/A","N/A","N/A","N/A","N/A","N/A","N/A","N/A","N/A","N/A","N/A","N/A","N/A","N/A","N/A","N/A","N/A","N/A"
"Lingard","N/A","N/A","N/A","N/A","0","0","0","0","1","1","1","11","1","0","3","1","0","0","0","0","7","3","2","8","9","2","5","1","2"
"Ayoze","0","0","2","1","1","2","12","2","10","2","2","8","1","1","1","6","1","2","2","2","2","8","1","2","1","0","1","5","0"
"Hangeland","0","0","0","0","1","2","8","6","1","2","0","0","0","0","0","0","0","0","5","0","0","0","0","0","0","0","0","0","0"
"Mannone","0","0","0","0","0","0","0","0","0","0","0","0","0","0","0","0","0","1","3","2","1","0","3","2","2","3","2","2","3"
"Hepburn-Murphy","0","0","0","0","0","0","0","0","0","0","0","0","0","0","0","0","0","0","0","0","0","0","0","0","0","0","0","0","0"
"Targett","1","0","6","6","7","1","0","0","0","0","0","0","0","0","0","0","0","0","0","0","12","11","6","1","0","6","1","0","0"
"Cédric","3","1","6","7","6","0","2","2","1","3","7","0","2","0","4","2","1","0","0","0","5","6","6","5","7","1","1","1","0"
"Sako","0","0","10","13","3","2","3","0","1","2","0","2","1","0","0","0","0","0","0","0","2","0","0","0","0","0","0","1","1"
"Shelvey","1","6","3","1","2","3","1","5","1","2","2","2","11","0","0","0","1","1","1","0","0","2","5","1","6","1","2","7","0"
"Zabaleta","0","0","0","0","0","0","0","1","2","0","0","0","0","0","0","0","0","0","0","0","0","6","0","0","0","1","1","0","1"
"Gilmartin","0","0","0","0","0","0","0","0","0","0","0","0","0","0","0","0","0","0","0","0","0","0","0","0","0","0","0","0","0"
"Giaccherini","0","0","0","0","0","0","0","0","0","0","0","0","0","0","0","0","0","0","0","0","0","0","0","0","0","0","0","0","0"
"Pennington","N/A","N/A","N/A","0","0","0","0","0","0","0","0","0","0","0","0","0","0","0","0","0","0","0","0","0","0","0","0","0","N/A"
"Cargill","0","0","0","0","0","0","0","0","0","0","0","0","0","0","0","0","0","0","0","0","0","0","0","0","0","0","0","0","0"
"Daniels","2","2","1","1","0","9","1","2","0","3","1","2","1","3","6","2","11","8","1","6","1","18","2","8","1","5","8","6","8"
"Randolph","0","0","1","6","9","0","0","0","0","0","0","0","0","0","0","0","0","0","0","0","0","0","0","0","0","0","0","0","0"
"Dymond","N/A","N/A","N/A","N/A","N/A","N/A","N/A","N/A","N/A","N/A","N/A","N/A","N/A","N/A","N/A","N/A","N/A","0","0","0","0","0","0","0","0","0","0","0","0"
"Yaya Touré","16","5","7","3","2","2","4","0","1","3","9","3","1","2","0","7","9","9","3","9","3","1","1","3","1","2","0","10","0"
"Holebas","0","0","1","1","0","0","0","0","0","0","0","0","0","0","0","0","0","0","0","1","1","0","0","6","0","0","0","2","2"
"McGeady","0","0","0","0","0","0","0","0","0","0","0","0","0","0","0","0","0","0","0","0","0","0","0","0","0","0","0","0","N/A"
"James","0","0","0","0","0","0","0","0","0","0","0","0","0","0","0","0","0","0","0","0","0","0","0","0","0","0","0","0","0"
"Gouffran","0","0","0","0","0","0","0","2","0","0","0","0","0","1","1","1","0","0","0","0","1","1","1","0","0","0","3","0","0"
"Larsson","2","1","1","1","0","0","1","1","2","1","1","0","1","1","0","0","0","0","0","0","0","0","0","0","0","0","0","0","1"
"Jurado","6","3","3","2","3","2","1","0","0","0","0","0","1","0","3","3","3","7","1","3","2","1","2","3","2","0","0","0","0"
